{"type":"FeatureCollection","features":[{"type":"Feature","properties":{"status":"closed","calgary_temporal_status":"FUTURE","start_date":"2026-10-10","end_date":"2026-10-11","detour_note":"GLENMORE CAUSEWAY \u2014 Closed for cleaning of storm water stations. Please use provided detour."},"geometry":{"type":"LineString","coordinates":[[-114.10097,50.99575],[-114.10054,50.99558],[-114.10048,50.99554],[-114.09898,50.99483],[-114.09891,50.99479],[-114.09872,50.9947],[-114.09867,50.99467],[-114.09831,50.99445],[-114.0982,50.99436],[-114.09813,50.99432],[-114.09808,50.99431],[-114.09806,50.99431],[-114.09806,50.99431],[-114.09804,50.99431],[-114.09791,50.99431],[-114.0979,50.9943],[-114.09782,50.9943],[-114.09777,50.99428],[-114.09771,50.99427],[-114.09766,50.99425],[-114.09764,50.99423],[-114.09763,50.99422],[-114.09757,50.99419],[-114.09752,50.99416],[-114.09749,50.99414],[-114.09735,50.99406],[-114.09733,50.99405],[-114.0973,50.99403],[-114.09724,50.99398],[-114.09718,50.99394],[-114.09712,50.99389],[-114.09706,50.99384],[-114.09704,50.99382],[-114.09703,50.9938],[-114.09703,50.9938],[-114.09703,50.99378],[-114.09704,50.99377],[-114.09707,50.99376],[-114.0971,50.99375],[-114.09716,50.99376],[-114.09718,50.99376],[-114.09718,50.99376],[-114.0972,50.99377],[-114.09727,50.99379],[-114.09736,50.99383],[-114.09739,50.99384],[-114.09747,50.99388],[-114.09754,50.99393]]}},{"type":"Feature","properties":{"status":"closed","calgary_temporal_status":"CURRENT","detour_note":"ROTARY-MATTAMY GREENWAY - 60 ST. NE \u2014 Closed due to developer construction. No detour provided."},"geometry":{"type":"MultiLineString","coordinates":[[[-113.94768,51.14298],[-113.94759,51.14295],[-113.94719,51.1428],[-113.94701,51.14273],[-113.94687,51.14267],[-113.94685,51.14265],[-113.94683,51.14263],[-113.94683,51.14258],[-113.94683,51.14187],[-113.94682,51.14177],[-113.94682,51.14117],[-113.94682,51.14115],[-113.94682,51.14077],[-113.94682,51.14046],[-113.94682,51.14014],[-113.94682,51.13992],[-113.94682,51.13985],[-113.94667,51.13986],[-113.94653,51.13986],[-113.94649,51.13985],[-113.94647,51.13984],[-113.94647,51.13971]],[[-113.94682,51.13985],[-113.94693,51.13985],[-113.94703,51.13985],[-113.94707,51.13984],[-113.94709,51.13983],[-113.9471,51.1398],[-113.94709,51.13975],[-113.94709,51.13969]]]}},{"type":"Feature","properties":{"status":"closed","calgary_temporal_status":"CURRENT","start_date":"2026-09-11","end_date":"2026-09-13","detour_note":"ELBOW RIVER PATHWAY - ENMAX PARK \u2014 Closed for an event taking place within ENMAX Park. Please use the detour provided."},"geometry":{"type":"MultiLineString","coordinates":[[[-114.04917,51.03663],[-114.04914,51.03668],[-114.0491,51.03674],[-114.04907,51.0368],[-114.04905,51.03686],[-114.04904,51.03691],[-114.04905,51.03696],[-114.04907,51.03702],[-114.04908,51.03707],[-114.04909,51.03712],[-114.0491,51.03716],[-114.0491,51.03721],[-114.04909,51.03728],[-114.04907,51.03734],[-114.04904,51.03744],[-114.049,51.0375],[-114.04897,51.03755],[-114.04893,51.03759],[-114.04888,51.03763],[-114.04882,51.03768],[-114.04875,51.03773],[-114.04869,51.03777],[-114.04859,51.03783]],[[-114.04859,51.03783],[-114.04851,51.03786],[-114.04841,51.0379],[-114.04825,51.03797],[-114.04801,51.03808],[-114.04782,51.03818],[-114.0477,51.03823],[-114.04762,51.03827],[-114.04758,51.0383],[-114.04754,51.03834],[-114.04752,51.03838],[-114.04751,51.03842],[-114.0475,51.03845],[-114.0475,51.03847]],[[-114.04859,51.03783],[-114.04862,51.03787],[-114.04864,51.0379],[-114.04865,51.03795],[-114.04866,51.03799],[-114.04865,51.03803],[-114.04864,51.03808],[-114.04862,51.03813],[-114.04858,51.03817],[-114.04854,51.03821],[-114.04843,51.03831],[-114.04839,51.03835],[-114.04837,51.03838],[-114.04834,51.03842],[-114.04832,51.03846],[-114.0483,51.03852],[-114.0483,51.03854],[-114.04826,51.03864],[-114.04822,51.03868],[-114.04817,51.0387],[-114.0481,51.03872],[-114.04806,51.03873],[-114.04802,51.03875],[-114.04798,51.03878],[-114.04788,51.03888],[-114.04784,51.0389],[-114.0478,51.03892],[-114.04776,51.03893],[-114.04772,51.03894],[-114.04766,51.03894],[-114.04759,51.03895],[-114.04752,51.03895],[-114.04742,51.03895]]]}},{"type":"Feature","properties":{"status":"detour","calgary_temporal_status":"CURRENT","start_date":"2026-09-11","end_date":"2026-09-13","detour_note":"ELBOW RIVER PATHWAY - ENMAX PARK"},"geometry":{"type":"LineString","coordinates":[[-114.04617,51.03999],[-114.04607,51.0399],[-114.04597,51.03986],[-114.04587,51.03982],[-114.04572,51.03976],[-114.04591,51.03956],[-114.04616,51.03926],[-114.04643,51.0389],[-114.04644,51.03888],[-114.04667,51.03854],[-114.0468,51.03834],[-114.04696,51.0381],[-114.04704,51.03801],[-114.04726,51.03774],[-114.04762,51.03744],[-114.04787,51.0372],[-114.04796,51.03711],[-114.04799,51.03709],[-114.04802,51.03708],[-114.04821,51.03704],[-114.04844,51.03697],[-114.04856,51.03691],[-114.04862,51.03686],[-114.04866,51.03683],[-114.04869,51.03682],[-114.0488,51.0368],[-114.04884,51.03679],[-114.04887,51.03676],[-114.04888,51.03673],[-114.04894,51.03659],[-114.04899,51.03659],[-114.04915,51.03662],[-114.04917,51.03663]]}},{"type":"Feature","properties":{"status":"closed","calgary_temporal_status":"CURRENT","start_date":"2023-11-30","detour_note":"DOUGLAS FIR TRAIL - WILDWOOD DR SW \u2014 Closure of this section Douglas Fir Trail, due to current safety hazards. Please use alternative routes."},"geometry":{"type":"LineString","coordinates":[[-114.1478,51.05619],[-114.14773,51.05618],[-114.14765,51.05617],[-114.14758,51.05617],[-114.14752,51.05616],[-114.14752,51.05616],[-114.14745,51.05615],[-114.14739,51.05614],[-114.14732,51.05612],[-114.14728,51.0561],[-114.14723,51.05608],[-114.14718,51.05605],[-114.14714,51.05603],[-114.14707,51.056],[-114.14701,51.05597],[-114.14698,51.05596],[-114.14693,51.05594],[-114.14686,51.05592],[-114.14679,51.05591],[-114.14671,51.0559],[-114.14665,51.0559],[-114.1466,51.05589],[-114.14655,51.05587],[-114.14651,51.05586],[-114.14647,51.05586],[-114.14646,51.05588],[-114.14647,51.05591],[-114.14665,51.05606],[-114.14661,51.05608],[-114.14661,51.05608],[-114.14653,51.05607],[-114.14646,51.05607],[-114.14637,51.05608],[-114.14633,51.05613],[-114.14627,51.05615],[-114.14619,51.05612],[-114.14617,51.05611],[-114.14616,51.05611],[-114.14609,51.05609],[-114.14604,51.05606],[-114.14599,51.05604],[-114.14594,51.056],[-114.14587,51.05597],[-114.1458,51.05595],[-114.14574,51.05591],[-114.14567,51.05588],[-114.14562,51.05586],[-114.14556,51.05584],[-114.1455,51.05581],[-114.14541,51.05578],[-114.1453,51.05575],[-114.14517,51.05574],[-114.14503,51.05573],[-114.14492,51.05573],[-114.14478,51.05572],[-114.14468,51.05572],[-114.14458,51.05571],[-114.14449,51.05569],[-114.14438,51.05568],[-114.14431,51.05565],[-114.14424,51.05563],[-114.14418,51.05562],[-114.14413,51.05562],[-114.14409,51.05562],[-114.14405,51.05561],[-114.14401,51.05557],[-114.14398,51.05555],[-114.14395,51.05553]]}},{"type":"Feature","properties":{"status":"closed","calgary_temporal_status":"CURRENT","start_date":"2024-05-23","detour_note":"DISCOVERY RIDGE - DISCOVERY RIDGE MT SW \u2014 Retaining wall failure. Please use provided detour."},"geometry":{"type":"LineString","coordinates":[[-114.21573,51.01794],[-114.21572,51.01794],[-114.21559,51.0179],[-114.21547,51.01787],[-114.21538,51.01783],[-114.21522,51.01775],[-114.21496,51.01764]]}},{"type":"Feature","properties":{"status":"detour","calgary_temporal_status":"CURRENT","start_date":"2024-05-23","detour_note":"DISCOVERY RIDGE - DISCOVERY RIDGE MT SW"},"geometry":{"type":"LineString","coordinates":[[-114.21573,51.01794],[-114.2158,51.01795],[-114.21584,51.01796],[-114.21606,51.01799],[-114.21626,51.01801],[-114.2167,51.01805],[-114.21682,51.01806],[-114.21699,51.01806],[-114.21706,51.01807],[-114.21709,51.01808],[-114.21712,51.01809],[-114.21718,51.01813],[-114.21723,51.01816],[-114.21728,51.01819],[-114.2173,51.0182],[-114.21731,51.01821],[-114.21733,51.01821],[-114.21734,51.01821],[-114.21735,51.01823],[-114.21736,51.01824],[-114.21736,51.01827],[-114.21737,51.0183],[-114.21738,51.01833],[-114.21738,51.01836],[-114.21738,51.01837],[-114.21738,51.01841],[-114.21738,51.01842],[-114.21738,51.01843],[-114.21738,51.01846],[-114.21738,51.01847],[-114.21738,51.0185],[-114.21738,51.01855],[-114.21737,51.01858],[-114.21737,51.01862],[-114.21735,51.01867],[-114.21734,51.01874],[-114.21733,51.01875],[-114.21731,51.01886],[-114.2173,51.01887],[-114.21727,51.01899],[-114.21724,51.01913],[-114.21724,51.01914],[-114.21724,51.01914],[-114.21722,51.01921],[-114.2172,51.01928],[-114.21719,51.01932],[-114.21719,51.01933],[-114.21716,51.01935],[-114.21711,51.01936],[-114.21706,51.01936],[-114.21687,51.01934],[-114.21669,51.01932],[-114.21661,51.01928],[-114.21659,51.01924],[-114.2166,51.01919],[-114.21666,51.01897],[-114.21668,51.01886],[-114.2167,51.0188],[-114.21671,51.01874],[-114.21675,51.01869],[-114.21678,51.01864],[-114.21677,51.01857],[-114.21671,51.01852],[-114.21663,51.01849],[-114.21656,51.01848],[-114.2165,51.01849],[-114.21644,51.01849],[-114.21633,51.01848],[-114.21577,51.01843],[-114.21556,51.01839],[-114.21533,51.01833],[-114.21503,51.01823],[-114.21481,51.01814],[-114.21471,51.01809],[-114.21468,51.01805],[-114.21462,51.01803],[-114.21456,51.01801],[-114.21449,51.01801],[-114.21443,51.01802],[-114.21442,51.018],[-114.21441,51.01799],[-114.21439,51.01795],[-114.21436,51.01791],[-114.21435,51.0179],[-114.21434,51.01789],[-114.21431,51.01786],[-114.21425,51.01778],[-114.21424,51.01778],[-114.21422,51.01776],[-114.21419,51.01773],[-114.21418,51.01772],[-114.21417,51.01769],[-114.21416,51.01765],[-114.21416,51.01759],[-114.2142,51.01759],[-114.21438,51.01758],[-114.21454,51.01757],[-114.21469,51.01757],[-114.21477,51.01758],[-114.21484,51.01759],[-114.2149,51.01761],[-114.21496,51.01764]]}},{"type":"Feature","properties":{"status":"closed","calgary_temporal_status":"CURRENT","start_date":"2024-06-16","end_date":"2026-10-30","detour_note":"37 ST SW - 26 AV SW TO 28 AV SW \u2014 Closed until further notice due to developer construction."},"geometry":{"type":"LineString","coordinates":[[-114.14097,51.02856],[-114.14097,51.02859],[-114.14097,51.02859],[-114.14097,51.0286],[-114.14097,51.02861],[-114.14097,51.02866],[-114.14097,51.02867],[-114.14097,51.02877],[-114.14097,51.02878],[-114.14097,51.02882],[-114.14097,51.02886],[-114.14097,51.02893],[-114.14097,51.02896],[-114.14097,51.02901],[-114.14097,51.02903],[-114.14097,51.02917],[-114.14104,51.02931],[-114.14104,51.02992],[-114.14104,51.02997]]}},{"type":"Feature","properties":{"status":"detour","calgary_temporal_status":"CURRENT","start_date":"2024-06-16","end_date":"2026-10-30","detour_note":"37 ST SW - 26 AV SW TO 28 AV SW"},"geometry":{"type":"LineString","coordinates":[[-114.14104,51.02997],[-114.14103,51.0301],[-114.14085,51.0301],[-114.13959,51.03011],[-114.13845,51.03011],[-114.13845,51.02998],[-114.13842,51.02996],[-114.13841,51.02994],[-114.13841,51.02943],[-114.13842,51.02863],[-114.13842,51.02861],[-114.13845,51.02858],[-114.13849,51.02857],[-114.13855,51.02856],[-114.13955,51.02856],[-114.13984,51.02856],[-114.14077,51.02856],[-114.14097,51.02856]]}},{"type":"Feature","properties":{"status":"detour","calgary_temporal_status":"CURRENT","start_date":"2024-06-16","end_date":"2026-10-30","detour_note":"37 ST SW - 26 AV SW TO 28 AV SW"},"geometry":{"type":"LineString","coordinates":[[-114.14097,51.02856],[-114.14129,51.02858],[-114.1413,51.02885],[-114.1413,51.02899],[-114.14135,51.02995],[-114.14104,51.02997]]}},{"type":"Feature","properties":{"status":"closed","calgary_temporal_status":"FUTURE","start_date":"2026-10-08","end_date":"2026-10-29","detour_note":"PARKDALE - 27 ST TO 25 ST NW \u2014 Utility work related to feedermain construction. Please use provided road lane detour."},"geometry":{"type":"LineString","coordinates":[[-114.12114,51.05201],[-114.12115,51.05203],[-114.1212,51.05206],[-114.12125,51.05208],[-114.1213,51.05211],[-114.12135,51.05214],[-114.12137,51.05215],[-114.12141,51.05217],[-114.12148,51.05221],[-114.12148,51.05221],[-114.12156,51.05225],[-114.12162,51.05228],[-114.12171,51.05233],[-114.1218,51.05238],[-114.12181,51.05239],[-114.12184,51.0524],[-114.12188,51.05242],[-114.1219,51.05243],[-114.12197,51.05247],[-114.12198,51.05247],[-114.12211,51.05254],[-114.12215,51.05256],[-114.12222,51.05259],[-114.12224,51.0526],[-114.12232,51.05264],[-114.12244,51.05269],[-114.12253,51.05273],[-114.12254,51.05274],[-114.12256,51.05275],[-114.1227,51.05281],[-114.12277,51.05284],[-114.1228,51.05285],[-114.12289,51.05289],[-114.123,51.05294],[-114.12311,51.05299],[-114.12316,51.05301],[-114.12321,51.05303],[-114.12323,51.05304],[-114.12324,51.05305],[-114.12332,51.05308],[-114.12344,51.05314],[-114.12351,51.05318],[-114.12355,51.05319],[-114.12366,51.05324],[-114.12368,51.05325],[-114.12368,51.05325],[-114.12379,51.0533],[-114.12391,51.05335],[-114.12403,51.0534],[-114.12412,51.05344],[-114.12415,51.05346],[-114.12427,51.05351],[-114.12432,51.05353],[-114.12435,51.05354],[-114.12436,51.05355],[-114.12439,51.05356],[-114.12451,51.05362],[-114.12463,51.05366],[-114.12467,51.05367],[-114.12475,51.0537],[-114.12488,51.05375],[-114.12501,51.05379],[-114.12513,51.05383],[-114.12517,51.05384],[-114.12526,51.05387],[-114.12537,51.05391],[-114.12548,51.05394]]}},{"type":"Feature","properties":{"status":"detour","calgary_temporal_status":"FUTURE","start_date":"2026-11-02","end_date":"2026-11-29","detour_note":"PARKDALE - 27 ST TO 25 ST NW"},"geometry":{"type":"LineString","coordinates":[[-114.12548,51.05394],[-114.12553,51.05386],[-114.12522,51.05377],[-114.12517,51.05375],[-114.12495,51.05368],[-114.12477,51.05363],[-114.12474,51.05361],[-114.12473,51.05361],[-114.12452,51.05354],[-114.12434,51.05348],[-114.12432,51.05347],[-114.12427,51.05346],[-114.12422,51.05343],[-114.12401,51.05335],[-114.12392,51.05331],[-114.12381,51.05326],[-114.12371,51.05321],[-114.12361,51.05316],[-114.12356,51.05314],[-114.12352,51.05312],[-114.12337,51.05305],[-114.12332,51.05302],[-114.12326,51.05299],[-114.12313,51.05293],[-114.12313,51.05293],[-114.12305,51.05288],[-114.12299,51.05285],[-114.12296,51.05283],[-114.12286,51.05278],[-114.12279,51.05275],[-114.12277,51.05274],[-114.12274,51.05272],[-114.12272,51.05271],[-114.12266,51.05268],[-114.12261,51.05265],[-114.12252,51.0526],[-114.12242,51.05255],[-114.12236,51.05251],[-114.12227,51.05246],[-114.12225,51.05245],[-114.12222,51.05243],[-114.12216,51.0524],[-114.12209,51.05236],[-114.12202,51.05232],[-114.12196,51.05228],[-114.12189,51.05225],[-114.12181,51.05222],[-114.12168,51.05217],[-114.1216,51.05214],[-114.12153,51.05212],[-114.12148,51.0521],[-114.12137,51.05207],[-114.12128,51.05204],[-114.12116,51.05201],[-114.12114,51.05201]]}},{"type":"Feature","properties":{"status":"closed","calgary_temporal_status":"CURRENT","start_date":"2024-10-05","end_date":"2027-02-28","detour_note":"ERLTON - MNP CENTRE \u2014 Closed to allow for constuction site of MNP Centre Expansion."},"geometry":{"type":"MultiLineString","coordinates":[[[-114.06354,51.03334],[-114.06354,51.03335],[-114.06355,51.03336],[-114.06356,51.03337],[-114.06356,51.03337],[-114.06357,51.03338],[-114.06358,51.03339],[-114.0636,51.0334],[-114.06364,51.03341],[-114.06366,51.03342],[-114.06367,51.03343],[-114.06371,51.03344],[-114.06372,51.03344],[-114.06376,51.03345],[-114.0638,51.03347],[-114.06383,51.03348],[-114.06393,51.03351],[-114.06398,51.03353],[-114.06404,51.03355],[-114.06411,51.03358],[-114.06415,51.03359],[-114.06418,51.0336]],[[-114.06426,51.03364],[-114.06429,51.03363]],[[-114.06426,51.03364],[-114.06422,51.03363],[-114.0642,51.03362],[-114.06418,51.0336],[-114.06412,51.03361],[-114.0641,51.03361],[-114.06401,51.03362],[-114.06388,51.03363],[-114.0637,51.03367],[-114.06357,51.03371],[-114.06346,51.03374],[-114.0634,51.03376]],[[-114.0634,51.03376],[-114.06339,51.03376],[-114.06338,51.03375],[-114.06337,51.03374],[-114.06336,51.03374],[-114.06335,51.03373],[-114.06334,51.03373],[-114.06332,51.03372],[-114.06331,51.03372],[-114.06329,51.03371],[-114.06328,51.03371],[-114.06326,51.03371],[-114.06324,51.03371],[-114.06321,51.03371],[-114.0632,51.03371],[-114.06318,51.03371],[-114.06317,51.03371],[-114.06317,51.0337],[-114.06316,51.0337],[-114.06315,51.0337],[-114.06314,51.03369],[-114.06314,51.03369],[-114.06313,51.03369],[-114.06311,51.03368],[-114.06309,51.03367],[-114.06308,51.03367],[-114.06306,51.03366],[-114.06304,51.03365],[-114.06302,51.03365],[-114.063,51.03364],[-114.06298,51.03364],[-114.06296,51.03363],[-114.06294,51.03363],[-114.06291,51.03363],[-114.06289,51.03363],[-114.06287,51.03362],[-114.06285,51.03362],[-114.06282,51.03363],[-114.06279,51.03363],[-114.06276,51.03363],[-114.06273,51.03364],[-114.0627,51.03365],[-114.06267,51.03366],[-114.06264,51.03367],[-114.06262,51.03368],[-114.0626,51.03369],[-114.06257,51.03369],[-114.06255,51.0337],[-114.06253,51.0337],[-114.06251,51.0337],[-114.06248,51.03369],[-114.06246,51.03369],[-114.06243,51.03368],[-114.06239,51.03367],[-114.06234,51.03365],[-114.06228,51.03363],[-114.06221,51.03362],[-114.06218,51.03361]],[[-114.06456,51.03391],[-114.06456,51.0339],[-114.06456,51.03388],[-114.06455,51.03385]],[[-114.06456,51.03391],[-114.06446,51.03386],[-114.06438,51.03381],[-114.06432,51.03376],[-114.06429,51.03371],[-114.06427,51.03368],[-114.06426,51.03364]],[[-114.06476,51.03401],[-114.06479,51.03398],[-114.0648,51.03397]],[[-114.06476,51.03401],[-114.06471,51.03399],[-114.06464,51.03396],[-114.06458,51.03393],[-114.06456,51.03391],[-114.06456,51.03391]],[[-114.06262,51.03408],[-114.06263,51.03406],[-114.06264,51.03403],[-114.06266,51.03401],[-114.0627,51.03398],[-114.06275,51.03395],[-114.0628,51.03393],[-114.06286,51.03391],[-114.06293,51.03389],[-114.06297,51.03388],[-114.06302,51.03387],[-114.06305,51.03388],[-114.06308,51.03389],[-114.06312,51.03391],[-114.06314,51.03392],[-114.06316,51.03393],[-114.0632,51.03394],[-114.06324,51.03394],[-114.06329,51.03394],[-114.06334,51.03392],[-114.06339,51.0339],[-114.06341,51.03387],[-114.06342,51.03384],[-114.06342,51.03381],[-114.06341,51.03379],[-114.0634,51.03376]],[[-114.06473,51.03425],[-114.06474,51.03422],[-114.0648,51.03415],[-114.06483,51.03412],[-114.06483,51.0341],[-114.06484,51.03408],[-114.06484,51.03407],[-114.06483,51.03406],[-114.06481,51.03404],[-114.06476,51.03401]],[[-114.06473,51.03425],[-114.06475,51.03425],[-114.06477,51.03427],[-114.0648,51.03431],[-114.06486,51.03437]],[[-114.06454,51.03501],[-114.06455,51.03499],[-114.06457,51.03497],[-114.06459,51.03495],[-114.06461,51.03494],[-114.06463,51.03491],[-114.06465,51.03489],[-114.06467,51.03487],[-114.06468,51.03484],[-114.0647,51.03482],[-114.06471,51.0348],[-114.06472,51.03478],[-114.06472,51.03478],[-114.06473,51.03476],[-114.06474,51.03473],[-114.06475,51.03471],[-114.06476,51.03469],[-114.06476,51.03467],[-114.06477,51.03464],[-114.06477,51.03462],[-114.06477,51.0346],[-114.06477,51.03458],[-114.06477,51.03456],[-114.06477,51.03454],[-114.06477,51.03452],[-114.06477,51.0345],[-114.06476,51.03448],[-114.06476,51.03446],[-114.06476,51.03445],[-114.06475,51.03443],[-114.06475,51.03441],[-114.06474,51.03439],[-114.06472,51.03436],[-114.06471,51.03434],[-114.06471,51.03433],[-114.0647,51.03432],[-114.06469,51.0343],[-114.06469,51.03428],[-114.0647,51.03427],[-114.06471,51.03426],[-114.06473,51.03425]],[[-114.06454,51.03501],[-114.06457,51.03504],[-114.06457,51.03504]],[[-114.06454,51.03501],[-114.06449,51.03504],[-114.06447,51.03505],[-114.06444,51.03507],[-114.06443,51.03508],[-114.0644,51.03509],[-114.06438,51.03511],[-114.06428,51.03516],[-114.06438,51.03516]]]}},{"type":"Feature","properties":{"status":"closed","calgary_temporal_status":"CURRENT","start_date":"2024-11-09","detour_note":"ROCKY RIDGE - YMCA BOARDWALK \u2014 Boardwalk closed until further notice to assess improvements for cycling. Please use provided detour."},"geometry":{"type":"LineString","coordinates":[[-114.2337,51.15444],[-114.23368,51.15444],[-114.23357,51.15448],[-114.23354,51.15449],[-114.23353,51.1545],[-114.23344,51.15454],[-114.23342,51.15455],[-114.23335,51.15458],[-114.23333,51.15459],[-114.23332,51.1546],[-114.23331,51.15461],[-114.23327,51.15463],[-114.23325,51.15464],[-114.23319,51.15469],[-114.23315,51.15473],[-114.23312,51.15476],[-114.23304,51.15485],[-114.233,51.1549],[-114.23297,51.15494],[-114.23296,51.15496],[-114.23295,51.15498],[-114.23295,51.15499],[-114.23293,51.15504],[-114.23293,51.15505],[-114.23291,51.1551],[-114.2329,51.15512],[-114.23289,51.15517],[-114.23288,51.15519],[-114.23287,51.1552],[-114.23283,51.15527],[-114.23282,51.1553],[-114.2328,51.15532],[-114.23278,51.15535],[-114.23275,51.15538],[-114.23272,51.1554],[-114.23271,51.15542],[-114.23269,51.15544],[-114.23268,51.15544],[-114.23264,51.15548],[-114.23263,51.15549],[-114.23257,51.15553],[-114.23256,51.15553],[-114.23255,51.15554],[-114.2325,51.15558],[-114.23248,51.15559],[-114.23247,51.15559],[-114.23243,51.15561],[-114.23238,51.15564],[-114.23236,51.15565],[-114.23235,51.15565],[-114.23235,51.15566],[-114.23233,51.15566],[-114.23232,51.15566],[-114.23231,51.15567],[-114.23229,51.15568],[-114.23225,51.15569],[-114.23214,51.15573],[-114.23213,51.15573],[-114.23211,51.15574],[-114.2321,51.15574]]}},{"type":"Feature","properties":{"status":"detour","calgary_temporal_status":"CURRENT","start_date":"2024-11-09","detour_note":"ROCKY RIDGE - YMCA BOARDWALK"},"geometry":{"type":"LineString","coordinates":[[-114.2337,51.15444],[-114.23372,51.15442],[-114.23379,51.15452],[-114.23382,51.15462],[-114.23384,51.15476],[-114.23384,51.15492],[-114.23383,51.15496],[-114.23381,51.15505],[-114.2338,51.15509],[-114.23377,51.15526],[-114.23376,51.15528],[-114.23376,51.15539],[-114.23376,51.1554],[-114.23378,51.15551],[-114.23381,51.15559],[-114.23382,51.15563],[-114.23383,51.15566],[-114.23383,51.15573],[-114.23384,51.15578],[-114.23383,51.15586],[-114.23382,51.15592],[-114.23381,51.15602],[-114.23379,51.15607],[-114.23378,51.15609],[-114.23374,51.15614],[-114.23368,51.15617],[-114.23361,51.1562],[-114.23356,51.15621],[-114.23352,51.15623],[-114.23347,51.15623],[-114.23345,51.15622],[-114.23343,51.15623],[-114.23333,51.15624],[-114.2333,51.15625],[-114.23324,51.15627],[-114.23323,51.15627],[-114.23309,51.15631],[-114.23295,51.15635],[-114.23292,51.15635],[-114.23283,51.15637],[-114.23279,51.15637],[-114.23276,51.15637],[-114.2327,51.15637],[-114.23258,51.15637],[-114.23244,51.15635],[-114.23231,51.15632],[-114.23229,51.15632],[-114.23218,51.15629],[-114.23209,51.15623],[-114.23206,51.15622],[-114.23198,51.15617],[-114.23189,51.15612],[-114.23188,51.15608],[-114.23184,51.15604],[-114.23182,51.15602],[-114.23178,51.15594],[-114.23177,51.15594],[-114.23175,51.15588],[-114.23174,51.15585],[-114.2318,51.15583],[-114.23198,51.15578],[-114.232,51.15577],[-114.2321,51.15574]]}},{"type":"Feature","properties":{"status":"closed","calgary_temporal_status":"CURRENT","start_date":"2025-05-26","detour_note":"GRIFFITH WOODS PARK - EAST PATHWAY BRIDGE \u2014 Closed until further notice due to flooding. Please use the trail detour."},"geometry":{"type":"LineString","coordinates":[[-114.21169,51.01117],[-114.2117,51.01113],[-114.21174,51.01107],[-114.21176,51.01101],[-114.21178,51.01095],[-114.21179,51.01083],[-114.21179,51.01078],[-114.21178,51.01073],[-114.21177,51.01069],[-114.21174,51.01066],[-114.2117,51.0106],[-114.21165,51.01054],[-114.21161,51.01048],[-114.21158,51.01044],[-114.21154,51.0104],[-114.21152,51.01036],[-114.2115,51.01033],[-114.21151,51.01028],[-114.21149,51.01019],[-114.21146,51.01016],[-114.21142,51.01011],[-114.21134,51.01005],[-114.21129,51.01],[-114.21125,51.00996],[-114.21118,51.00988],[-114.21115,51.00985],[-114.21115,51.00981],[-114.21116,51.00976],[-114.21117,51.00972],[-114.21121,51.00967],[-114.21123,51.00963],[-114.21125,51.0096],[-114.21124,51.00956],[-114.21122,51.00951],[-114.21118,51.00943],[-114.21117,51.00938],[-114.21117,51.00934],[-114.21116,51.00929],[-114.21115,51.00922],[-114.21115,51.0092],[-114.21114,51.00918]]}},{"type":"Feature","properties":{"status":"closed","calgary_temporal_status":"FUTURE","start_date":"2026-09-15","detour_note":"BOW RIVER PATHWAY - BEAVER DAM FLATS \u2014 Slope failure and rehabilitation work. Please use provided detour."},"geometry":{"type":"MultiLineString","coordinates":[[[-114.02258,50.99744],[-114.0225,50.99758],[-114.02247,50.99764],[-114.02245,50.9977],[-114.02244,50.99778],[-114.02245,50.99785],[-114.02245,50.99789],[-114.02245,50.99791],[-114.02246,50.99794],[-114.02247,50.99796],[-114.02247,50.99799],[-114.02248,50.99801],[-114.0225,50.99803],[-114.02251,50.99805],[-114.02253,50.99807],[-114.02254,50.99808],[-114.02256,50.99809],[-114.02258,50.9981],[-114.02259,50.99811],[-114.0226,50.99813],[-114.02262,50.99814],[-114.02263,50.99815],[-114.02263,50.99817],[-114.02264,50.9982],[-114.02264,50.99823],[-114.02264,50.99826],[-114.02264,50.99828],[-114.02264,50.9983],[-114.02264,50.99832],[-114.02263,50.99834],[-114.02262,50.99837],[-114.02261,50.99839],[-114.02259,50.99841],[-114.02258,50.99843],[-114.02257,50.99845],[-114.02256,50.99846],[-114.02255,50.99848],[-114.02255,50.9985],[-114.02255,50.99852],[-114.02255,50.99854],[-114.02256,50.99856],[-114.02258,50.99858],[-114.02259,50.99861],[-114.0226,50.99863],[-114.02261,50.99865],[-114.02262,50.99867],[-114.02263,50.99869],[-114.02264,50.99872],[-114.02265,50.99874],[-114.02265,50.99876],[-114.02265,50.99878],[-114.02265,50.9988],[-114.02265,50.99883],[-114.02265,50.99885],[-114.02264,50.99887],[-114.02264,50.99889],[-114.02264,50.99892],[-114.02263,50.99895],[-114.02263,50.99898],[-114.02263,50.99899],[-114.02262,50.99901],[-114.02262,50.99903],[-114.02262,50.99906],[-114.02262,50.99907],[-114.02261,50.99909],[-114.02261,50.99912],[-114.02261,50.99915],[-114.0226,50.99917],[-114.0226,50.9992],[-114.02259,50.99923],[-114.02259,50.99926],[-114.02258,50.99929],[-114.02258,50.99931],[-114.02257,50.99934],[-114.02256,50.99937],[-114.02256,50.99937],[-114.02255,50.99939],[-114.02255,50.99942],[-114.02254,50.99945],[-114.02253,50.99947],[-114.02253,50.99949],[-114.02252,50.99952],[-114.02251,50.99956],[-114.02251,50.99958],[-114.0225,50.99958],[-114.0225,50.9996],[-114.02249,50.99961],[-114.02248,50.99962],[-114.02248,50.99963],[-114.02247,50.99963],[-114.02246,50.99963],[-114.02245,50.99963],[-114.02243,50.99964],[-114.02241,50.99964],[-114.02239,50.99964],[-114.02236,50.99963],[-114.02233,50.99963],[-114.0223,50.99964],[-114.02228,50.99964],[-114.02227,50.99965],[-114.02227,50.99966],[-114.02227,50.99967],[-114.02227,50.99968],[-114.02224,50.99968],[-114.02224,50.99968],[-114.02224,50.99968]],[[-114.02338,50.99911],[-114.02333,50.9991],[-114.0233,50.99909],[-114.02328,50.99907],[-114.02325,50.99905],[-114.02325,50.99905],[-114.02323,50.99904],[-114.02321,50.99902],[-114.0232,50.999],[-114.02319,50.99898],[-114.02317,50.99895],[-114.02317,50.99895],[-114.02315,50.99891],[-114.02313,50.99888],[-114.02311,50.99882],[-114.02308,50.99877],[-114.02308,50.99877],[-114.02305,50.99869],[-114.02302,50.99864],[-114.02301,50.9986],[-114.02297,50.99852],[-114.02296,50.99848],[-114.02295,50.99844],[-114.02294,50.99839],[-114.02293,50.99835],[-114.02293,50.9983],[-114.02292,50.99827],[-114.02292,50.99826],[-114.02292,50.99824],[-114.02291,50.99821],[-114.0229,50.99817],[-114.0229,50.99814],[-114.02289,50.9981],[-114.02288,50.99807],[-114.02287,50.99804],[-114.02286,50.99801],[-114.02285,50.99798],[-114.02283,50.99795],[-114.02282,50.99792],[-114.0228,50.99788],[-114.02278,50.99785],[-114.02273,50.99772],[-114.02272,50.99767],[-114.02271,50.99763],[-114.02269,50.99754],[-114.02269,50.99749],[-114.02268,50.99746]]]}},{"type":"Feature","properties":{"status":"detour","calgary_temporal_status":"FUTURE","start_date":"2026-09-15","detour_note":"BOW RIVER PATHWAY - BEAVER DAM FLATS"},"geometry":{"type":"MultiLineString","coordinates":[[[-114.02105,50.99785],[-114.02105,50.99779],[-114.02107,50.99766],[-114.02124,50.99696],[-114.02247,50.99741],[-114.02253,50.99742],[-114.02258,50.99744]],[[-114.02336,50.99911],[-114.02338,50.99911],[-114.02342,50.99911],[-114.02346,50.99912],[-114.02352,50.99912],[-114.02359,50.99913],[-114.02365,50.99913],[-114.02371,50.99913],[-114.02376,50.99913],[-114.02389,50.99913],[-114.02391,50.99913],[-114.02398,50.99912],[-114.02423,50.99909],[-114.0244,50.99907],[-114.02456,50.99906],[-114.02464,50.99909],[-114.02468,50.99911],[-114.02472,50.99913],[-114.02476,50.99918],[-114.0248,50.99921],[-114.02474,50.9993],[-114.0247,50.99938],[-114.02469,50.99946],[-114.02467,50.9995],[-114.02463,50.99954],[-114.02457,50.99959],[-114.02451,50.99966],[-114.02447,50.99973],[-114.02442,50.99982],[-114.02437,50.99987],[-114.02432,50.99995],[-114.0243,51.0],[-114.02429,51.00005],[-114.02428,51.00007],[-114.02428,51.0001],[-114.02427,51.0002],[-114.02425,51.00027],[-114.02423,51.00034],[-114.02421,51.00039],[-114.02417,51.00046],[-114.02412,51.00054],[-114.0241,51.00056],[-114.02408,51.00059],[-114.02401,51.00068],[-114.02394,51.00079],[-114.02392,51.00081],[-114.02391,51.00082],[-114.02389,51.00084],[-114.02369,51.00102],[-114.02361,51.00108],[-114.02359,51.0011],[-114.02352,51.00113],[-114.02345,51.00118],[-114.02339,51.00121],[-114.02337,51.00123],[-114.02332,51.00127],[-114.02325,51.00129],[-114.02321,51.0013],[-114.0231,51.00133],[-114.02299,51.00135],[-114.02291,51.00138],[-114.02278,51.00139],[-114.02266,51.00141],[-114.02249,51.00144],[-114.02235,51.00146],[-114.02235,51.00147],[-114.02215,51.00151],[-114.022,51.00156],[-114.02191,51.00159],[-114.02182,51.00161],[-114.02174,51.00164],[-114.02165,51.0017],[-114.02155,51.00187],[-114.02149,51.00196],[-114.02144,51.00203],[-114.02142,51.00204],[-114.02135,51.0021],[-114.02121,51.00219],[-114.02097,51.00234],[-114.02083,51.00242],[-114.02068,51.00253],[-114.02059,51.00258],[-114.02054,51.00262],[-114.02048,51.00267],[-114.02047,51.00268],[-114.02044,51.00271],[-114.0204,51.00276],[-114.02039,51.0028],[-114.02039,51.00284],[-114.02041,51.00289],[-114.02042,51.00291],[-114.02046,51.00298],[-114.02052,51.00302],[-114.02058,51.00307],[-114.02067,51.00312],[-114.02078,51.00317],[-114.02087,51.00323],[-114.02094,51.00327],[-114.021,51.00332],[-114.02106,51.00338],[-114.02108,51.0034],[-114.02109,51.00341],[-114.02112,51.00345],[-114.02113,51.00346],[-114.02117,51.00353],[-114.0212,51.00356],[-114.02122,51.00363],[-114.02122,51.00371],[-114.02122,51.00371],[-114.02121,51.00374],[-114.02119,51.00376],[-114.02109,51.0039],[-114.02105,51.00395],[-114.02104,51.00395],[-114.02104,51.00395],[-114.02096,51.00403],[-114.02089,51.00409],[-114.02086,51.00412],[-114.02084,51.00414],[-114.02077,51.00419],[-114.02069,51.00423],[-114.02066,51.00424],[-114.02061,51.00426],[-114.02057,51.00428],[-114.02053,51.00429],[-114.02049,51.00431],[-114.02045,51.00432],[-114.02042,51.00433],[-114.0204,51.00435],[-114.02038,51.00436],[-114.02038,51.00437],[-114.02038,51.00437],[-114.02011,51.00446],[-114.01984,51.00465],[-114.01956,51.00495],[-114.01935,51.00518],[-114.01924,51.00535],[-114.01915,51.00554],[-114.0191,51.00563],[-114.01907,51.00568],[-114.01904,51.00571],[-114.01897,51.0058],[-114.01886,51.00589],[-114.01876,51.00597],[-114.01856,51.00612],[-114.01842,51.00625],[-114.01837,51.00633],[-114.01835,51.00633],[-114.01813,51.0063],[-114.01792,51.00628],[-114.01771,51.00625],[-114.0177,51.00625],[-114.01752,51.00622],[-114.01733,51.0062],[-114.01715,51.00617],[-114.01706,51.00616],[-114.01698,51.00615],[-114.01682,51.00613],[-114.01676,51.00612],[-114.0167,51.00615],[-114.01666,51.00616],[-114.01661,51.00619],[-114.01656,51.00623],[-114.01649,51.0063],[-114.01638,51.00641],[-114.01626,51.00651],[-114.01612,51.00659],[-114.01604,51.00663],[-114.01596,51.00667],[-114.01585,51.00672],[-114.01582,51.00674],[-114.01579,51.00674],[-114.0155,51.00672],[-114.0155,51.00672],[-114.0155,51.00672],[-114.01541,51.0067],[-114.01522,51.00667],[-114.01512,51.00665],[-114.01512,51.00665],[-114.01512,51.00665],[-114.01504,51.00662],[-114.01495,51.0066],[-114.01493,51.00659],[-114.01491,51.00656],[-114.01495,51.0065],[-114.01479,51.00644],[-114.01459,51.00637],[-114.01435,51.0063],[-114.01416,51.00625],[-114.01401,51.00622],[-114.01384,51.00621],[-114.01365,51.00618],[-114.01344,51.00613],[-114.01333,51.00608],[-114.01311,51.00593],[-114.01275,51.00556],[-114.01273,51.00552],[-114.0127,51.00547],[-114.01269,51.00538],[-114.0127,51.00518],[-114.01272,51.00499],[-114.01273,51.00487],[-114.01278,51.00477],[-114.01285,51.00467],[-114.01293,51.00461],[-114.01304,51.00457],[-114.01315,51.00452],[-114.01321,51.00447],[-114.01324,51.00441],[-114.01325,51.00434],[-114.01323,51.00428],[-114.01318,51.00422],[-114.01318,51.00422],[-114.01309,51.00417],[-114.01298,51.00414],[-114.01283,51.00412],[-114.01268,51.00411],[-114.01264,51.00411],[-114.01264,51.00407],[-114.01265,51.00404],[-114.01265,51.00382],[-114.01265,51.00382],[-114.01265,51.00378],[-114.0126,51.00351],[-114.01259,51.00343],[-114.01258,51.00334],[-114.01252,51.00312],[-114.01251,51.00308],[-114.01248,51.00299],[-114.01248,51.00299],[-114.01244,51.00286],[-114.01244,51.00286],[-114.01244,51.00286],[-114.01244,51.00286],[-114.01242,51.00283],[-114.01242,51.00282],[-114.01238,51.00272],[-114.01236,51.00266],[-114.01236,51.00264],[-114.01236,51.00264],[-114.01235,51.00257],[-114.0123,51.00245],[-114.0123,51.00245],[-114.01221,51.00227],[-114.01216,51.00217],[-114.0121,51.00203],[-114.01194,51.00175],[-114.0119,51.00169],[-114.01186,51.00162],[-114.01179,51.00153],[-114.01164,51.00134],[-114.0115,51.00116],[-114.0112,51.00085],[-114.01116,51.00081],[-114.01112,51.00076],[-114.01098,51.00061],[-114.01086,51.00049],[-114.01073,51.00036],[-114.01062,51.00026],[-114.0104,51.00002],[-114.0103,50.99992],[-114.01017,50.99979],[-114.01022,50.99957],[-114.01041,50.99947],[-114.01049,50.99943],[-114.01161,50.99886],[-114.01166,50.99886],[-114.01201,50.99867],[-114.01202,50.99865],[-114.01205,50.99862],[-114.01209,50.99859],[-114.01211,50.99858],[-114.01215,50.99855],[-114.01217,50.99855],[-114.01218,50.99854],[-114.0122,50.99853],[-114.01222,50.99852],[-114.01223,50.99851],[-114.01225,50.99851],[-114.01226,50.9985],[-114.01228,50.99849],[-114.0123,50.99848],[-114.01231,50.99847],[-114.01233,50.99847],[-114.01244,50.99841],[-114.01246,50.9984],[-114.01247,50.99839],[-114.01247,50.99839],[-114.01249,50.99838],[-114.01251,50.99837],[-114.01254,50.99836],[-114.01256,50.99835],[-114.01258,50.99834],[-114.01258,50.99834],[-114.01261,50.99832],[-114.01263,50.99831],[-114.01265,50.9983],[-114.01267,50.99829],[-114.01269,50.99828],[-114.01271,50.99827],[-114.01274,50.99826],[-114.01276,50.99825],[-114.01278,50.99824],[-114.0128,50.99822],[-114.01282,50.99821],[-114.01285,50.9982],[-114.01287,50.99819],[-114.01289,50.99818],[-114.01291,50.99817],[-114.01294,50.99816],[-114.01298,50.99813],[-114.013,50.99812],[-114.01303,50.99811],[-114.01307,50.99809],[-114.01309,50.99808],[-114.01311,50.99807],[-114.01313,50.99806],[-114.01314,50.99805],[-114.01316,50.99804],[-114.01317,50.99804],[-114.01318,50.99803],[-114.01319,50.99802],[-114.01321,50.99802],[-114.01328,50.99798],[-114.01329,50.99797],[-114.01333,50.99795],[-114.01334,50.99795],[-114.01334,50.99795],[-114.01335,50.99795],[-114.01335,50.99794],[-114.01335,50.99794],[-114.01336,50.99794],[-114.01336,50.99794],[-114.01336,50.99794],[-114.01336,50.99794],[-114.01336,50.99794],[-114.01337,50.99794],[-114.01337,50.99794],[-114.01337,50.99794],[-114.01337,50.99794],[-114.01338,50.99794],[-114.01338,50.99794],[-114.01339,50.99794],[-114.01339,50.99794],[-114.01339,50.99794],[-114.0134,50.99794],[-114.0134,50.99794],[-114.0134,50.99794],[-114.0134,50.99794],[-114.01341,50.99794],[-114.01341,50.99794],[-114.01341,50.99794],[-114.01341,50.99794],[-114.01365,50.99782],[-114.01369,50.9978],[-114.01373,50.99778],[-114.01392,50.99778],[-114.0148,50.99778],[-114.01483,50.99779],[-114.01517,50.99778],[-114.01622,50.99779],[-114.01657,50.99778],[-114.01762,50.99778],[-114.01766,50.99779],[-114.0177,50.99782],[-114.0179,50.99782],[-114.01794,50.9978],[-114.01923,50.99784],[-114.02043,50.99784],[-114.02105,50.99785]],[[-114.02224,50.99968],[-114.02104,50.99965],[-114.02104,50.99899],[-114.02104,50.99847],[-114.02105,50.99785]]]}},{"type":"Feature","properties":{"status":"closed","calgary_temporal_status":"CURRENT","start_date":"2025-05-18","end_date":"2027-05-07","detour_note":"ACADIA - SOUTHLAND DR & BLACKFOOR TR SE  \u2014 Pathway relocation. Please use alternative routes."},"geometry":{"type":"MultiLineString","coordinates":[[[-114.03851,50.96598],[-114.03837,50.96602],[-114.0381,50.96611]],[[-114.03558,50.96703],[-114.03566,50.967],[-114.03578,50.96694],[-114.03587,50.96689],[-114.0359,50.96687],[-114.03594,50.96684],[-114.03624,50.96673],[-114.03629,50.96672],[-114.0364,50.96668],[-114.03655,50.96663],[-114.0369,50.96651],[-114.0369,50.96651],[-114.03692,50.9665],[-114.03741,50.96633],[-114.03763,50.96626],[-114.03775,50.96624],[-114.03784,50.96622],[-114.03793,50.96621],[-114.03801,50.96621],[-114.03807,50.96621]],[[-114.03471,50.96722],[-114.03473,50.96721],[-114.03478,50.96719],[-114.03484,50.96716],[-114.03491,50.96716],[-114.03497,50.96716],[-114.03502,50.96717]],[[-114.03471,50.96722],[-114.03518,50.96734],[-114.03522,50.96735],[-114.03525,50.96733],[-114.03526,50.96732],[-114.03528,50.96727],[-114.03529,50.96726],[-114.03531,50.96723],[-114.03534,50.96719],[-114.03537,50.96717],[-114.03541,50.96713],[-114.03549,50.96708],[-114.03558,50.96703]],[[-114.03513,50.96722],[-114.03517,50.96718],[-114.03526,50.96712],[-114.03533,50.96708],[-114.03544,50.96705],[-114.03554,50.96703],[-114.03558,50.96703]],[[-114.03462,50.96725],[-114.03471,50.96722]]]}},{"type":"Feature","properties":{"status":"detour","calgary_temporal_status":"CURRENT","start_date":"2025-05-18","end_date":"2027-05-07","detour_note":"ACADIA - SOUTHLAND DR & BLACKFOOR TR SE"},"geometry":{"type":"LineString","coordinates":[[-114.03462,50.96725],[-114.0345,50.96726],[-114.03434,50.96705],[-114.03449,50.967],[-114.03496,50.96684],[-114.03494,50.96673],[-114.03505,50.96673],[-114.03519,50.96672],[-114.0353,50.96671],[-114.03542,50.96668],[-114.03555,50.96665],[-114.03567,50.96662],[-114.03578,50.96659],[-114.03602,50.96652],[-114.03642,50.96639],[-114.03691,50.96623],[-114.03723,50.96612],[-114.03758,50.96601],[-114.03796,50.96588],[-114.03827,50.96578],[-114.03841,50.96573],[-114.03873,50.96563],[-114.03891,50.96585],[-114.03885,50.96587],[-114.03851,50.96598]]}},{"type":"Feature","properties":{"status":"closed","calgary_temporal_status":"CURRENT","start_date":"2025-07-15","end_date":"2026-12-31","detour_note":"RICHMOND - RICHMOND GREEN \u2014 Parkade construction of Richmond Green development and water line install. Please use alternative routes."},"geometry":{"type":"LineString","coordinates":[[-114.12939,51.02332],[-114.12928,51.02332],[-114.12927,51.02332],[-114.12927,51.02332],[-114.12913,51.02332],[-114.1291,51.02332],[-114.12903,51.02332],[-114.12899,51.02332],[-114.12897,51.02332],[-114.12894,51.02332],[-114.12888,51.02332],[-114.12886,51.02332],[-114.12883,51.02331],[-114.12879,51.02331],[-114.12875,51.0233],[-114.1287,51.0233],[-114.1286,51.02329],[-114.12855,51.02329],[-114.12848,51.02328],[-114.12839,51.02327],[-114.12835,51.02326],[-114.12826,51.02325],[-114.12818,51.02324],[-114.1281,51.02323],[-114.12809,51.02323],[-114.12801,51.02323],[-114.12798,51.02324],[-114.12797,51.02324],[-114.1279,51.02325],[-114.12781,51.02327],[-114.12781,51.02327],[-114.12777,51.02328],[-114.12768,51.02331],[-114.12762,51.02332],[-114.12757,51.02333]]}},{"type":"Feature","properties":{"status":"detour","calgary_temporal_status":"CURRENT","start_date":"2025-05-26","detour_note":"GRIFFITH WOODS PARK - EAST PATHWAY BRIDGE"},"geometry":{"type":"LineString","coordinates":[[-114.21114,51.00918],[-114.21117,51.00918],[-114.21118,51.00912],[-114.2112,51.00905],[-114.2112,51.00902],[-114.2112,51.00897],[-114.21119,51.00892],[-114.2112,51.00888],[-114.21122,51.00885],[-114.21126,51.00882],[-114.21131,51.0088],[-114.21138,51.00879],[-114.21146,51.00879],[-114.21156,51.00881],[-114.21167,51.00883],[-114.21177,51.00884],[-114.21183,51.00885],[-114.21192,51.00886],[-114.21213,51.0089],[-114.21218,51.0089],[-114.2123,51.00888],[-114.21243,51.00884],[-114.21254,51.00881],[-114.21263,51.00881],[-114.2127,51.00881],[-114.21285,51.00882],[-114.21296,51.00883],[-114.21304,51.00885],[-114.21318,51.00892],[-114.21329,51.00899],[-114.21337,51.00903],[-114.21353,51.00909],[-114.2136,51.00911],[-114.21365,51.00913],[-114.21375,51.00917],[-114.21383,51.00923],[-114.21387,51.00931],[-114.21387,51.00938],[-114.21385,51.00944],[-114.21381,51.00951],[-114.21379,51.00957],[-114.21379,51.00961],[-114.21381,51.00966],[-114.21384,51.00972],[-114.21388,51.00979],[-114.2139,51.00987],[-114.21394,51.00995],[-114.21396,51.01],[-114.21399,51.01002],[-114.21403,51.01005],[-114.21417,51.01011],[-114.21432,51.01017],[-114.21447,51.01025],[-114.21464,51.01036],[-114.21474,51.01042],[-114.2148,51.01047],[-114.21486,51.01055],[-114.21494,51.01064],[-114.21497,51.0107],[-114.21498,51.01074],[-114.21498,51.01079],[-114.21499,51.01083],[-114.21499,51.01088],[-114.21499,51.01094],[-114.21499,51.01097],[-114.21502,51.011],[-114.21506,51.01102],[-114.21512,51.01102],[-114.21524,51.01101],[-114.21534,51.01099],[-114.21545,51.01096],[-114.21557,51.01093],[-114.21569,51.01093],[-114.21591,51.01095],[-114.21614,51.01096],[-114.21634,51.01097],[-114.21648,51.011],[-114.21657,51.01101],[-114.21668,51.01102],[-114.21679,51.01102],[-114.21687,51.01101],[-114.21699,51.01106],[-114.21708,51.01108],[-114.21721,51.01109],[-114.21734,51.01109],[-114.21744,51.01111],[-114.21753,51.01115],[-114.21764,51.01118],[-114.21787,51.01126],[-114.21802,51.01131],[-114.21819,51.01137],[-114.21839,51.01141],[-114.21856,51.01146],[-114.21866,51.01147],[-114.21876,51.01146],[-114.21888,51.01147],[-114.21898,51.0115],[-114.21927,51.01157],[-114.21933,51.01157],[-114.21943,51.01153],[-114.21951,51.01149],[-114.21968,51.01144],[-114.21995,51.01139],[-114.22025,51.01136],[-114.22041,51.01135],[-114.22054,51.01137],[-114.22069,51.0114],[-114.22082,51.01144],[-114.22098,51.01147],[-114.2211,51.0115],[-114.22119,51.01152],[-114.22127,51.01156],[-114.22133,51.01161],[-114.22139,51.01166],[-114.22143,51.01172],[-114.22148,51.01178],[-114.22153,51.01183],[-114.22158,51.01187],[-114.22163,51.01193],[-114.22166,51.01197],[-114.22169,51.01203],[-114.22172,51.01209],[-114.22176,51.01214],[-114.22181,51.01218],[-114.22184,51.01221],[-114.22179,51.01223],[-114.22169,51.01225],[-114.22159,51.01227],[-114.22151,51.01229],[-114.22139,51.01231],[-114.22129,51.01232],[-114.22121,51.01236],[-114.22113,51.0124],[-114.22105,51.01244],[-114.22099,51.01248],[-114.22093,51.01251],[-114.22089,51.01254],[-114.22087,51.01257],[-114.22078,51.01262],[-114.2207,51.01266],[-114.22062,51.01272],[-114.22057,51.01276],[-114.2205,51.01281],[-114.22042,51.01284],[-114.22032,51.01287],[-114.22018,51.0129],[-114.22006,51.01293],[-114.21993,51.01296],[-114.21979,51.01298],[-114.21971,51.01299],[-114.21964,51.013],[-114.2196,51.01303],[-114.21955,51.01309],[-114.21952,51.01312],[-114.21949,51.01315],[-114.21945,51.01319],[-114.21941,51.01323],[-114.21938,51.01326],[-114.21934,51.0133],[-114.21931,51.01324],[-114.21927,51.0132],[-114.21923,51.01313],[-114.2192,51.01308],[-114.21917,51.013],[-114.21916,51.01296],[-114.21914,51.01291],[-114.21911,51.01288],[-114.21909,51.01284],[-114.21905,51.01278],[-114.21901,51.01274],[-114.21897,51.01272],[-114.21882,51.01265],[-114.21879,51.01264],[-114.21874,51.01261],[-114.21869,51.01259],[-114.21863,51.01255],[-114.21859,51.01253],[-114.21859,51.0125],[-114.21857,51.01246],[-114.21855,51.01243],[-114.21849,51.01238],[-114.21843,51.01234],[-114.21836,51.01231],[-114.21828,51.01228],[-114.21817,51.01225],[-114.21805,51.01222],[-114.21789,51.01219],[-114.21774,51.01216],[-114.21761,51.01213],[-114.21755,51.01212],[-114.21749,51.01211],[-114.21736,51.01208],[-114.21729,51.01207],[-114.21706,51.01206],[-114.217,51.01205],[-114.21693,51.01204],[-114.21677,51.01197],[-114.21667,51.01194],[-114.21647,51.0119],[-114.21637,51.01188],[-114.21632,51.01187],[-114.21607,51.01186],[-114.21595,51.01185],[-114.21584,51.01184],[-114.21574,51.01182],[-114.21564,51.01179],[-114.21551,51.01176],[-114.21543,51.01174],[-114.21535,51.01171],[-114.21526,51.01169],[-114.21512,51.01167],[-114.21506,51.01167],[-114.21499,51.01166],[-114.21482,51.01166],[-114.21456,51.01165],[-114.21443,51.01164],[-114.21428,51.01165],[-114.21405,51.01163],[-114.21395,51.01162],[-114.21383,51.01161],[-114.21376,51.0116],[-114.21366,51.01159],[-114.21353,51.01157],[-114.21349,51.01156],[-114.21329,51.01154],[-114.21316,51.01151],[-114.213,51.01147],[-114.21285,51.01144],[-114.21273,51.01141],[-114.21269,51.0114],[-114.21261,51.01138],[-114.21251,51.01137],[-114.21238,51.01134],[-114.21225,51.01132],[-114.21212,51.0113],[-114.21196,51.01127],[-114.21183,51.01125],[-114.21173,51.01124],[-114.2117,51.01122],[-114.21169,51.0112],[-114.21169,51.01117]]}},{"type":"Feature","properties":{"status":"detour","calgary_temporal_status":"CURRENT","start_date":"2025-09-09","end_date":"2026-10-15","detour_note":"BOW RIVER PATHWAY & DOUGLAS FIR TRAIL"},"geometry":{"type":"MultiLineString","coordinates":[[[-114.14995,51.06131],[-114.15008,51.06144],[-114.15015,51.06151],[-114.15026,51.06162],[-114.15041,51.06177],[-114.1505,51.06187],[-114.15058,51.06198],[-114.15079,51.06222],[-114.15082,51.06226],[-114.1509,51.06236],[-114.15095,51.06243],[-114.151,51.06249],[-114.15107,51.06255],[-114.15111,51.0626],[-114.15116,51.06265],[-114.15122,51.06271],[-114.15129,51.06276],[-114.15136,51.06283],[-114.15148,51.06292],[-114.15154,51.06297],[-114.15162,51.06303],[-114.15179,51.06318],[-114.15188,51.06326],[-114.15192,51.06329],[-114.152,51.06335],[-114.15215,51.06345],[-114.15221,51.06349],[-114.15232,51.06358],[-114.15242,51.06366],[-114.1525,51.06371],[-114.15252,51.06373],[-114.15261,51.06381],[-114.15269,51.06387],[-114.15274,51.06391],[-114.15275,51.06394],[-114.15278,51.06397],[-114.1528,51.06401],[-114.15285,51.06409],[-114.15288,51.06415],[-114.15289,51.06417],[-114.15289,51.06417],[-114.15291,51.06422],[-114.15294,51.0643],[-114.15298,51.0644],[-114.153,51.06447],[-114.15303,51.06453],[-114.15306,51.06458],[-114.15311,51.06467],[-114.15318,51.06475],[-114.15321,51.06474],[-114.15346,51.06462],[-114.15376,51.06448],[-114.15385,51.06444],[-114.15411,51.06431],[-114.15456,51.06409],[-114.1548,51.06398],[-114.15486,51.06395],[-114.15488,51.06394],[-114.15487,51.06392],[-114.15484,51.06391],[-114.1546,51.06368],[-114.15441,51.06347],[-114.1544,51.06345],[-114.1544,51.06344],[-114.15441,51.06343],[-114.15442,51.06341],[-114.15447,51.06335],[-114.15449,51.06333],[-114.15451,51.0633],[-114.15477,51.06311],[-114.15486,51.06304],[-114.15497,51.06297],[-114.15513,51.06285],[-114.1553,51.06272],[-114.15534,51.06269],[-114.15541,51.06262],[-114.15545,51.06258],[-114.15554,51.0625],[-114.15561,51.06244],[-114.15567,51.06238],[-114.15569,51.06237],[-114.15573,51.06234],[-114.15577,51.06229],[-114.15581,51.06225],[-114.15582,51.06223],[-114.15582,51.06222],[-114.15581,51.0622],[-114.15577,51.06218]],[[-114.14987,51.06122],[-114.14995,51.06131],[-114.14993,51.06128],[-114.14987,51.06122]],[[-114.14987,51.06122],[-114.14975,51.06109],[-114.14968,51.06103],[-114.14952,51.06088],[-114.14939,51.06077],[-114.1493,51.06071],[-114.14926,51.06068],[-114.14913,51.06057],[-114.14904,51.06048],[-114.14895,51.0604],[-114.14893,51.06037],[-114.14878,51.06022]],[[-114.14858,51.06001],[-114.14878,51.06022],[-114.14869,51.06013],[-114.14858,51.06001]],[[-114.14858,51.06001],[-114.14847,51.05991],[-114.14835,51.05978],[-114.14823,51.05966],[-114.14811,51.05954],[-114.14805,51.05948],[-114.14801,51.05943],[-114.1479,51.05932],[-114.14782,51.05925],[-114.14774,51.05917],[-114.14764,51.05909],[-114.14747,51.05895],[-114.14738,51.05889],[-114.14727,51.0588],[-114.14712,51.05869],[-114.14704,51.05862],[-114.14699,51.05858],[-114.14676,51.0584],[-114.14666,51.05833],[-114.1465,51.05822],[-114.14637,51.05813],[-114.14627,51.05803],[-114.14621,51.05797],[-114.14616,51.05786],[-114.14608,51.05774],[-114.14608,51.05774],[-114.146,51.05767],[-114.1459,51.05761],[-114.14567,51.05752],[-114.14535,51.05741],[-114.14518,51.05736],[-114.14499,51.05733],[-114.14474,51.05729],[-114.14459,51.05727],[-114.14454,51.05726],[-114.14435,51.05725],[-114.14406,51.05722]],[[-114.14385,51.05719],[-114.14406,51.05722],[-114.14385,51.05719],[-114.14385,51.05719]],[[-114.14385,51.05719],[-114.1437,51.05715],[-114.14341,51.05708],[-114.14327,51.05704],[-114.14295,51.05699],[-114.14289,51.05698],[-114.1426,51.05694],[-114.14253,51.05693],[-114.14243,51.05692],[-114.14208,51.0569]],[[-114.14199,51.0569],[-114.14208,51.0569],[-114.14204,51.0569],[-114.14199,51.0569]],[[-114.14187,51.0569],[-114.14198,51.0569],[-114.14199,51.0569],[-114.14187,51.0569]],[[-114.14173,51.05689],[-114.14173,51.05689],[-114.14187,51.0569],[-114.14173,51.05689]],[[-114.14173,51.05689],[-114.1415,51.05687]],[[-114.14127,51.05684],[-114.14132,51.05685],[-114.1415,51.05687],[-114.14132,51.05685],[-114.14127,51.05684]],[[-114.12981,51.05328],[-114.12987,51.05331],[-114.12995,51.05336],[-114.13,51.0534],[-114.13005,51.05346],[-114.13007,51.05349],[-114.13012,51.05357],[-114.13017,51.05363],[-114.1302,51.05368],[-114.13024,51.05372],[-114.13029,51.05377],[-114.13035,51.05381],[-114.13042,51.05386],[-114.13044,51.05387],[-114.13052,51.05393],[-114.1306,51.05398],[-114.13067,51.05401],[-114.13079,51.05408],[-114.13086,51.05412],[-114.13093,51.05415],[-114.131,51.05417],[-114.13112,51.0542],[-114.13122,51.05422],[-114.1313,51.05423],[-114.1314,51.05424],[-114.13154,51.05426],[-114.13182,51.0543],[-114.13202,51.05431],[-114.13231,51.05433],[-114.13273,51.05435],[-114.13309,51.05437],[-114.13315,51.05438],[-114.13319,51.05439],[-114.13333,51.05442],[-114.1335,51.05448],[-114.13366,51.05453],[-114.13389,51.0546],[-114.13426,51.05468],[-114.13479,51.05478],[-114.13504,51.05482],[-114.13514,51.05482],[-114.13522,51.05482],[-114.13529,51.05482],[-114.13544,51.05479],[-114.13556,51.05478],[-114.13564,51.05479],[-114.13573,51.05479],[-114.1358,51.05479],[-114.13588,51.05479],[-114.13594,51.05478],[-114.13601,51.05475],[-114.13607,51.05472],[-114.13611,51.05471],[-114.13617,51.05468],[-114.13626,51.05465],[-114.13633,51.05464],[-114.13642,51.05463],[-114.13661,51.05466],[-114.13676,51.0547],[-114.13726,51.05483],[-114.13767,51.05495],[-114.13843,51.05511],[-114.13929,51.0553],[-114.13961,51.05537],[-114.14045,51.05554],[-114.14079,51.05559],[-114.1408,51.05558],[-114.14082,51.05557],[-114.14089,51.05544],[-114.14093,51.05542],[-114.14096,51.05541],[-114.14099,51.05541],[-114.14102,51.0554],[-114.14107,51.05539],[-114.14113,51.05539]],[[-114.12982,51.05328],[-114.12927,51.05283],[-114.12911,51.05274],[-114.12877,51.05258],[-114.12857,51.05245],[-114.12847,51.05239],[-114.12847,51.05238],[-114.12835,51.05231],[-114.12824,51.05223],[-114.12817,51.05218],[-114.12812,51.05214],[-114.12806,51.05211],[-114.12799,51.05208],[-114.12767,51.05193],[-114.12734,51.05173],[-114.12726,51.05169],[-114.12684,51.05146],[-114.12655,51.05129],[-114.12633,51.0512],[-114.12596,51.05109],[-114.12595,51.05109],[-114.1249,51.05081],[-114.12446,51.05067],[-114.12426,51.0506],[-114.12384,51.05035],[-114.12365,51.05017],[-114.12346,51.0499],[-114.12356,51.04976],[-114.12358,51.0497],[-114.1236,51.04967],[-114.12364,51.0496],[-114.12367,51.04954],[-114.1237,51.04948],[-114.12372,51.04945],[-114.12373,51.04942],[-114.12373,51.0494],[-114.12373,51.04937],[-114.12373,51.04934],[-114.12372,51.04931],[-114.1237,51.04929],[-114.12369,51.04927],[-114.12363,51.04922],[-114.12357,51.04919],[-114.12349,51.04914],[-114.12345,51.04912],[-114.1234,51.0491],[-114.12315,51.04896],[-114.12304,51.04889],[-114.12294,51.04882],[-114.12279,51.04874],[-114.12271,51.0487],[-114.12261,51.04866],[-114.12247,51.0486],[-114.12241,51.04858],[-114.12228,51.04852],[-114.12218,51.04848],[-114.12213,51.04845],[-114.12202,51.0484],[-114.12193,51.04836],[-114.12184,51.04832],[-114.1217,51.04826],[-114.12162,51.04822],[-114.12148,51.04816],[-114.12136,51.04811],[-114.12129,51.04807],[-114.12106,51.04797],[-114.12099,51.04795],[-114.12084,51.04788],[-114.12078,51.04786],[-114.12068,51.04782],[-114.12042,51.04773],[-114.12032,51.04769],[-114.12015,51.04763],[-114.11995,51.04756],[-114.11968,51.04748],[-114.11939,51.04738],[-114.11934,51.04737],[-114.11916,51.04731],[-114.1189,51.04723],[-114.11873,51.04718],[-114.11861,51.04712],[-114.1185,51.04709],[-114.11813,51.04701],[-114.11798,51.04698],[-114.11785,51.04695],[-114.11775,51.04693],[-114.11764,51.0469],[-114.11755,51.04687],[-114.11744,51.04685],[-114.11735,51.04682],[-114.11724,51.0468],[-114.11712,51.04676],[-114.11702,51.04674],[-114.11693,51.04672],[-114.11687,51.0467],[-114.11681,51.0467],[-114.11676,51.0467],[-114.11669,51.04669],[-114.11661,51.04669],[-114.11655,51.04668],[-114.11649,51.04667],[-114.11643,51.04665],[-114.11625,51.04661],[-114.11625,51.04661],[-114.11608,51.04657],[-114.11595,51.04654],[-114.11583,51.04652],[-114.11572,51.0465],[-114.11562,51.04648],[-114.1155,51.04646],[-114.11535,51.04644],[-114.11526,51.04643],[-114.11509,51.04642],[-114.11484,51.04641],[-114.1146,51.0464],[-114.11491,51.04698],[-114.11532,51.0477],[-114.11559,51.04772],[-114.11568,51.04772],[-114.11578,51.04772],[-114.11584,51.04772],[-114.11588,51.04773],[-114.11594,51.04775],[-114.11604,51.04777],[-114.11607,51.04778],[-114.11609,51.04778],[-114.1161,51.04778],[-114.11612,51.04777],[-114.11617,51.04779],[-114.11627,51.04782],[-114.1165,51.04789],[-114.11674,51.04796],[-114.11687,51.04801],[-114.11694,51.04803],[-114.11699,51.04805],[-114.11705,51.04809],[-114.11707,51.0481],[-114.11714,51.04815],[-114.11723,51.04821],[-114.11733,51.04827],[-114.11741,51.04832],[-114.11753,51.0484],[-114.11769,51.04851],[-114.11778,51.04857],[-114.11782,51.0486],[-114.11789,51.04865],[-114.11797,51.04872],[-114.11803,51.04877],[-114.11819,51.04892],[-114.11827,51.049],[-114.11834,51.0491],[-114.11838,51.04917],[-114.11838,51.04918],[-114.11844,51.04929],[-114.1185,51.04945],[-114.11855,51.04957],[-114.11864,51.04975],[-114.11866,51.04981],[-114.11867,51.04984],[-114.11871,51.04994],[-114.11876,51.05007],[-114.11881,51.05017],[-114.11882,51.0502],[-114.11884,51.05023],[-114.11887,51.05026],[-114.11889,51.05031],[-114.11894,51.0504],[-114.11899,51.05049],[-114.11903,51.05056],[-114.11909,51.05065],[-114.11916,51.05073],[-114.11927,51.05085],[-114.11942,51.051],[-114.11952,51.05109],[-114.11955,51.05111],[-114.11968,51.0512],[-114.11984,51.05132],[-114.1199,51.05135],[-114.11996,51.05139],[-114.12008,51.05146],[-114.12016,51.0515],[-114.12029,51.05158],[-114.12029,51.05158],[-114.1204,51.05164],[-114.1206,51.05175],[-114.12084,51.05188],[-114.12101,51.05196],[-114.12114,51.05201],[-114.12116,51.05201],[-114.12128,51.05204],[-114.12137,51.05207],[-114.12153,51.05212],[-114.1216,51.05214],[-114.12168,51.05217],[-114.12181,51.05222],[-114.12189,51.05225],[-114.12196,51.05228],[-114.12202,51.05232],[-114.12209,51.05236],[-114.12216,51.0524],[-114.12222,51.05243],[-114.12225,51.05245],[-114.12227,51.05246],[-114.12236,51.05251],[-114.12242,51.05255],[-114.12261,51.05265],[-114.12266,51.05268],[-114.12274,51.05272],[-114.12279,51.05275],[-114.12286,51.05278],[-114.12296,51.05283],[-114.12305,51.05288],[-114.12313,51.05293],[-114.12326,51.05299],[-114.12332,51.05302],[-114.12352,51.05312],[-114.12361,51.05316],[-114.12381,51.05326],[-114.12392,51.05331],[-114.12401,51.05335],[-114.12422,51.05343],[-114.12432,51.05347],[-114.12434,51.05348],[-114.12452,51.05354],[-114.12473,51.05361],[-114.12495,51.05368],[-114.12522,51.05377],[-114.12553,51.05386],[-114.12571,51.05391],[-114.12607,51.05402],[-114.12618,51.05405],[-114.12627,51.05408],[-114.12651,51.05417],[-114.12653,51.05418],[-114.12671,51.05424],[-114.12688,51.05431],[-114.12699,51.05435],[-114.12712,51.0544],[-114.12713,51.0544],[-114.12728,51.05445],[-114.1274,51.05449],[-114.1275,51.05451],[-114.1277,51.05457],[-114.12822,51.05471],[-114.1283,51.05473],[-114.12847,51.05478],[-114.12862,51.05482],[-114.1287,51.05484],[-114.12879,51.05487],[-114.12909,51.05495],[-114.12926,51.05498],[-114.12941,51.05502],[-114.12952,51.05504],[-114.12953,51.05504],[-114.12958,51.05506],[-114.12966,51.05508],[-114.12966,51.05508],[-114.12969,51.05508],[-114.12979,51.05511],[-114.12981,51.05512],[-114.12984,51.05512],[-114.12992,51.05514],[-114.12999,51.05516],[-114.13014,51.0552],[-114.13041,51.05527],[-114.1306,51.05533],[-114.13086,51.0554],[-114.13097,51.05542],[-114.13111,51.05547],[-114.13139,51.05554],[-114.13179,51.05565],[-114.13195,51.0557],[-114.1321,51.05574],[-114.13225,51.05577],[-114.13257,51.05586],[-114.13288,51.05595],[-114.13293,51.05596],[-114.1333,51.05605],[-114.13363,51.05613],[-114.13371,51.05615],[-114.13393,51.05621],[-114.1341,51.05624],[-114.13424,51.05626],[-114.13446,51.05629],[-114.13472,51.05632],[-114.1349,51.05634],[-114.13513,51.05638],[-114.13531,51.05641],[-114.13547,51.05644],[-114.13547,51.05645],[-114.13556,51.05648],[-114.13569,51.05653],[-114.13577,51.05655],[-114.13584,51.05656],[-114.13599,51.05657],[-114.13612,51.05658],[-114.1363,51.0566],[-114.13641,51.05661],[-114.13647,51.05661],[-114.13654,51.05661],[-114.1367,51.0566],[-114.13685,51.0566],[-114.13707,51.0566],[-114.13723,51.0566],[-114.13737,51.05661],[-114.13751,51.05662],[-114.13756,51.05662],[-114.13763,51.05663],[-114.13774,51.05664],[-114.13783,51.05665],[-114.13788,51.05665],[-114.13797,51.05662],[-114.13807,51.05658],[-114.13816,51.05655],[-114.13823,51.05654],[-114.13825,51.05654],[-114.13833,51.05654],[-114.1384,51.05655],[-114.13853,51.05655],[-114.13859,51.05655],[-114.13864,51.05657],[-114.13871,51.05659],[-114.13875,51.05655],[-114.13883,51.05655],[-114.13888,51.05656],[-114.13896,51.05657],[-114.13899,51.05657],[-114.13902,51.05657],[-114.13909,51.05657],[-114.13917,51.05657],[-114.13924,51.05657],[-114.13932,51.05658],[-114.13939,51.05659],[-114.13947,51.0566],[-114.13955,51.05661],[-114.13964,51.05662],[-114.13973,51.05663],[-114.13982,51.05664],[-114.13988,51.05665],[-114.13991,51.05665],[-114.14,51.05667],[-114.14008,51.05668],[-114.14015,51.05669],[-114.14023,51.0567],[-114.14031,51.05672],[-114.14037,51.05673],[-114.14042,51.05674],[-114.14048,51.05675],[-114.14055,51.05675],[-114.14062,51.05676],[-114.14069,51.05677],[-114.14077,51.05678],[-114.14085,51.05679],[-114.14092,51.0568],[-114.14099,51.05681],[-114.14105,51.05682],[-114.14112,51.05682],[-114.14118,51.05683],[-114.1412,51.05683],[-114.14123,51.05684],[-114.14127,51.05684]]]}},{"type":"Feature","properties":{"status":"closed","calgary_temporal_status":"CURRENT","start_date":"2025-09-09","end_date":"2027-05-31","detour_note":"BOW RIVER PATHWAY & DOUGLAS FIR TRAIL \u2014 Closed for Douglas Fir Trail #3 Slope Stabilization Project. Please detour via the north side Bow River Pathway."},"geometry":{"type":"MultiLineString","coordinates":[[[-114.15577,51.06218],[-114.15574,51.06216],[-114.15572,51.06215]],[[-114.15572,51.06215],[-114.15575,51.06211],[-114.15577,51.06207],[-114.15578,51.06205],[-114.15577,51.06202],[-114.15575,51.06197],[-114.15574,51.06194],[-114.15574,51.06192],[-114.15621,51.0613],[-114.15633,51.06123]],[[-114.15569,51.06237],[-114.15557,51.0623],[-114.15551,51.06226],[-114.15545,51.06219],[-114.15541,51.06213],[-114.15538,51.06207],[-114.15536,51.06202],[-114.15535,51.06196],[-114.15536,51.0619],[-114.15537,51.06183]],[[-114.15572,51.06215],[-114.15569,51.06212],[-114.15564,51.06209],[-114.15553,51.06201],[-114.15545,51.06192],[-114.15537,51.06183]],[[-114.15537,51.06183],[-114.15534,51.0618]],[[-114.15534,51.0618],[-114.15543,51.06177],[-114.15556,51.06169],[-114.15562,51.06164],[-114.1557,51.06153],[-114.1558,51.06143],[-114.15594,51.0613],[-114.15605,51.06123],[-114.15619,51.06116],[-114.1563,51.06111]],[[-114.15534,51.0618],[-114.15534,51.0618],[-114.15531,51.06177],[-114.15528,51.06174],[-114.15521,51.06167],[-114.15504,51.06158],[-114.15488,51.0615],[-114.15476,51.06144],[-114.15468,51.06138],[-114.15458,51.0613],[-114.15452,51.06124],[-114.15449,51.06122],[-114.15444,51.06118],[-114.15439,51.06113],[-114.15435,51.06109],[-114.15427,51.06101],[-114.15421,51.06095],[-114.15416,51.06089],[-114.15415,51.06088],[-114.15408,51.0608],[-114.15402,51.06074],[-114.15393,51.06065],[-114.15387,51.06059],[-114.15382,51.06055],[-114.15376,51.0605],[-114.15366,51.06042],[-114.15362,51.06039],[-114.1536,51.06038],[-114.15344,51.06033],[-114.15325,51.06019],[-114.15308,51.06004],[-114.15294,51.05991],[-114.15277,51.05975],[-114.15271,51.05969],[-114.15259,51.05962],[-114.15242,51.05954],[-114.15234,51.05951],[-114.15232,51.0595],[-114.15223,51.05946],[-114.15209,51.05934],[-114.15202,51.05928],[-114.1519,51.05919],[-114.15176,51.05907],[-114.15164,51.05898],[-114.15153,51.0589],[-114.15143,51.05881],[-114.15132,51.05874],[-114.1511,51.05861],[-114.15098,51.05856],[-114.15089,51.05851],[-114.1508,51.05846],[-114.15057,51.05834],[-114.15027,51.05821],[-114.15012,51.05816],[-114.14984,51.05805],[-114.14967,51.05797],[-114.14956,51.05792],[-114.14947,51.05788],[-114.14914,51.05772],[-114.14904,51.05767],[-114.14887,51.05759],[-114.14858,51.05744],[-114.14848,51.05739],[-114.14837,51.05735],[-114.14826,51.0573],[-114.14805,51.05721],[-114.14791,51.05715],[-114.14779,51.05709],[-114.14752,51.05696],[-114.14719,51.05686],[-114.14705,51.05681],[-114.14687,51.05675],[-114.14667,51.05668],[-114.14643,51.05661],[-114.14642,51.0566],[-114.14606,51.0565],[-114.14547,51.05635],[-114.14503,51.05626],[-114.14467,51.05618],[-114.14424,51.05608],[-114.14402,51.05603],[-114.1436,51.05594],[-114.14321,51.05587],[-114.14288,51.05581],[-114.14278,51.05579],[-114.14257,51.05574],[-114.14214,51.05565],[-114.1418,51.05558],[-114.14157,51.05551],[-114.14133,51.05543],[-114.1412,51.0554],[-114.14113,51.05539]]]}},{"type":"Feature","properties":{"status":"closed","calgary_temporal_status":"CURRENT","start_date":"2026-08-08","end_date":"2026-10-15","detour_note":"BOW RIVER PATHWAY - 9 ST NW TO PEACE BRIDGE \u2014 Closed for Sunnyside Flood Barrier construction. Access between the Peace Bridge and Sunnyside via 7 St. NW crossing."},"geometry":{"type":"MultiLineString","coordinates":[[[-114.08137,51.05376],[-114.08126,51.05369],[-114.08116,51.05362],[-114.08111,51.05357],[-114.08099,51.05364]],[[-114.08099,51.05364],[-114.08084,51.05372],[-114.08077,51.05372],[-114.08065,51.05378]],[[-114.08099,51.05364],[-114.08126,51.05381]],[[-114.08065,51.05378],[-114.08059,51.05383],[-114.08029,51.054],[-114.0797,51.05434],[-114.0796,51.0544]],[[-114.08065,51.05378],[-114.08055,51.0538],[-114.0797,51.05428],[-114.07955,51.05436]]]}},{"type":"Feature","properties":{"status":"closed","calgary_temporal_status":"CURRENT","start_date":"2026-07-23","end_date":"2026-10-09","detour_note":"LOT 6 - EAU CLAIRE PARK - 8 ST SW - RIVER HALL \u2014 Closed for River Hall events, every Thursday/Friday 5 - 10 pm, and Saturday/Sunday 11 am - 10 pm, and also on September 30 from 9 - 12:30 pm. Please use the provided detours."},"geometry":{"type":"MultiLineString","coordinates":[[[-114.08197,51.05085],[-114.08201,51.05083],[-114.08205,51.05082],[-114.08211,51.05081],[-114.08218,51.05081],[-114.0823,51.05081],[-114.08243,51.05081],[-114.08251,51.05081],[-114.08258,51.05082],[-114.08262,51.05083],[-114.08265,51.05085],[-114.08267,51.05086]],[[-114.08217,51.05096],[-114.08215,51.05094],[-114.0821,51.05091],[-114.08207,51.05089],[-114.08205,51.05088],[-114.08202,51.05086],[-114.082,51.05086],[-114.08197,51.05085],[-114.08195,51.05084],[-114.08192,51.05084],[-114.08176,51.05083],[-114.0816,51.05083],[-114.08134,51.05082],[-114.08116,51.05081],[-114.08108,51.05081]]]}},{"type":"Feature","properties":{"status":"detour","calgary_temporal_status":"CURRENT","start_date":"2026-07-23","end_date":"2026-10-09","detour_note":"LOT 6 - EAU CLAIRE PARK - 8 ST SW - RIVER HALL"},"geometry":{"type":"MultiLineString","coordinates":[[[-114.08108,51.05081],[-114.08099,51.05081],[-114.08092,51.05081],[-114.08092,51.05082],[-114.08091,51.05088]],[[-114.08091,51.05088],[-114.08099,51.05087],[-114.08109,51.05081]],[[-114.08091,51.05088],[-114.08091,51.05092],[-114.08091,51.05101],[-114.0809,51.05111],[-114.0809,51.05116],[-114.08089,51.05119],[-114.08087,51.05124],[-114.08083,51.05127],[-114.08081,51.05128],[-114.08077,51.0513],[-114.08073,51.05133],[-114.0806,51.0514],[-114.0803,51.05156]],[[-114.08217,51.05096],[-114.08226,51.05094],[-114.08235,51.05092],[-114.08243,51.0509],[-114.08253,51.05088],[-114.08267,51.05086],[-114.08268,51.05089],[-114.08262,51.0509],[-114.08251,51.05091],[-114.08241,51.05093],[-114.08233,51.05095],[-114.0822,51.05098]],[[-114.0822,51.05098],[-114.08217,51.05096]],[[-114.0822,51.05098],[-114.08211,51.05101],[-114.08201,51.05104],[-114.08189,51.05109],[-114.08176,51.05114],[-114.08167,51.05118],[-114.0815,51.05124],[-114.08135,51.05131],[-114.08118,51.0514],[-114.08115,51.05141],[-114.08106,51.05146],[-114.081,51.0515],[-114.08091,51.05154],[-114.0808,51.0516],[-114.08055,51.05173],[-114.08052,51.05171]],[[-114.0803,51.05156],[-114.08029,51.05153],[-114.0803,51.05149],[-114.0803,51.05147],[-114.08032,51.05145],[-114.08037,51.05142],[-114.08043,51.05141],[-114.08049,51.0514],[-114.08054,51.05138],[-114.08063,51.05133],[-114.08068,51.05129],[-114.08074,51.05125],[-114.08076,51.05123],[-114.08079,51.0512],[-114.0808,51.05112],[-114.08082,51.0509],[-114.08082,51.05089],[-114.08091,51.05088]],[[-114.0803,51.05156],[-114.08021,51.05161],[-114.08006,51.0517],[-114.08011,51.05175],[-114.08012,51.0518],[-114.08013,51.05188],[-114.08014,51.0519],[-114.08052,51.05171]],[[-114.08052,51.05171],[-114.08076,51.05158],[-114.08111,51.0514],[-114.08129,51.05131],[-114.08137,51.05127],[-114.08153,51.0512],[-114.0817,51.05113],[-114.08186,51.05107],[-114.08197,51.05102],[-114.08217,51.05096]],[[-114.08052,51.05171],[-114.08048,51.05168],[-114.08045,51.05166],[-114.0804,51.0516],[-114.08035,51.05159],[-114.0803,51.05156]]]}},{"type":"Feature","properties":{"status":"closed","calgary_temporal_status":"CURRENT","start_date":"2025-09-02","end_date":"2027-06-30","detour_note":"HIDDEN VALLEY - HANSON RANCH WETLAND PATHWAY \u2014 Closed for the Hanson Ranch Wetland Improvement project. Please use the provided detour."},"geometry":{"type":"MultiLineString","coordinates":[[[-114.10901,51.15728],[-114.10888,51.15716]],[[-114.10783,51.15594],[-114.10786,51.15611],[-114.10787,51.15613],[-114.10788,51.15615],[-114.10789,51.15617],[-114.10791,51.15619],[-114.10795,51.15621],[-114.108,51.15625],[-114.10808,51.1563],[-114.10817,51.15635],[-114.10826,51.15641],[-114.10833,51.15645],[-114.10841,51.15651],[-114.1085,51.15656],[-114.10856,51.15661],[-114.10856,51.15661],[-114.10862,51.15665],[-114.10866,51.15668],[-114.10872,51.15672],[-114.10876,51.15675],[-114.10879,51.15677],[-114.10884,51.15682],[-114.10889,51.15686],[-114.10894,51.1569],[-114.10896,51.15693],[-114.10899,51.15696],[-114.109,51.15698],[-114.109,51.15699],[-114.10901,51.157],[-114.10901,51.15702],[-114.109,51.15704],[-114.10899,51.15707],[-114.10896,51.15709],[-114.10893,51.15711],[-114.10888,51.15716]],[[-114.10888,51.15716],[-114.10884,51.15716],[-114.1088,51.15716],[-114.10874,51.15716],[-114.10869,51.15715],[-114.10865,51.15714],[-114.10861,51.15712],[-114.10856,51.1571],[-114.10851,51.15709],[-114.10843,51.15705],[-114.10825,51.15697],[-114.10817,51.15695],[-114.10811,51.15693],[-114.10806,51.15692],[-114.10802,51.15691],[-114.10796,51.1569],[-114.10791,51.1569],[-114.10786,51.1569],[-114.10781,51.15689],[-114.10775,51.15689],[-114.10769,51.15689],[-114.10762,51.15689],[-114.10752,51.15691],[-114.10742,51.15692],[-114.10733,51.15694],[-114.10723,51.15696],[-114.10699,51.15701],[-114.10687,51.15703]],[[-114.10687,51.15703],[-114.10651,51.1571],[-114.10638,51.15713],[-114.1063,51.15714],[-114.10625,51.15715],[-114.1062,51.15715],[-114.10613,51.15714],[-114.10606,51.15711],[-114.10597,51.15707],[-114.10586,51.15701],[-114.10576,51.15696],[-114.10571,51.15695],[-114.10565,51.15694],[-114.10558,51.15693],[-114.10549,51.15693],[-114.10533,51.15695],[-114.10514,51.15697],[-114.10504,51.15698],[-114.10497,51.15697],[-114.1049,51.15695]],[[-114.1049,51.15695],[-114.10478,51.15691],[-114.10474,51.15689],[-114.10466,51.15686],[-114.10458,51.15682],[-114.10452,51.15678],[-114.10442,51.15672],[-114.10435,51.15668],[-114.10431,51.15665],[-114.10428,51.15662],[-114.10425,51.15659],[-114.10423,51.15656],[-114.10421,51.15653],[-114.10418,51.15647],[-114.10415,51.1564],[-114.10413,51.15633],[-114.10411,51.15628],[-114.1041,51.15623],[-114.10408,51.15619],[-114.10405,51.15615],[-114.10402,51.1561],[-114.10397,51.15605],[-114.10393,51.15602],[-114.10389,51.15599],[-114.10388,51.15598],[-114.10382,51.15595],[-114.10377,51.15592],[-114.10372,51.1559],[-114.10369,51.15589],[-114.10365,51.15588],[-114.1036,51.15587],[-114.10353,51.15587],[-114.10343,51.15586],[-114.10332,51.15584],[-114.10325,51.15583],[-114.10318,51.15582],[-114.10314,51.15581],[-114.10308,51.15579],[-114.10302,51.15576],[-114.10296,51.15573],[-114.10291,51.1557],[-114.10286,51.15567],[-114.10283,51.15564],[-114.1028,51.15561]]]}},{"type":"Feature","properties":{"status":"detour","calgary_temporal_status":"CURRENT","start_date":"2025-09-02","end_date":"2027-06-30","detour_note":"HIDDEN VALLEY - HANSON RANCH WETLAND PATHWAY"},"geometry":{"type":"MultiLineString","coordinates":[[[-114.10571,51.15434],[-114.10564,51.15442],[-114.10558,51.15448],[-114.10548,51.15455],[-114.10544,51.15459],[-114.10538,51.15463]],[[-114.10538,51.15463],[-114.10526,51.1547],[-114.1052,51.15473],[-114.10512,51.15477],[-114.10505,51.1548],[-114.10498,51.15482],[-114.10469,51.15493],[-114.10449,51.155],[-114.10425,51.15509],[-114.10381,51.15525],[-114.10371,51.15528],[-114.10333,51.15542],[-114.10304,51.15552],[-114.10291,51.15557],[-114.10283,51.1556],[-114.1028,51.15561]],[[-114.109,51.15704],[-114.10927,51.15699],[-114.10921,51.15695],[-114.10913,51.1569],[-114.10905,51.15683],[-114.10895,51.15674],[-114.10881,51.15662],[-114.10861,51.15648],[-114.10833,51.15628],[-114.10804,51.15609],[-114.10793,51.15601],[-114.10783,51.15594],[-114.10752,51.15573],[-114.10693,51.15533],[-114.10682,51.15525],[-114.10663,51.15512],[-114.1066,51.15509],[-114.10654,51.15503],[-114.10648,51.15495],[-114.10642,51.15485],[-114.10639,51.15476],[-114.10638,51.15466],[-114.10637,51.15464],[-114.10637,51.15458],[-114.10638,51.15443],[-114.1064,51.15434],[-114.1064,51.1543],[-114.10639,51.15426],[-114.10637,51.15423],[-114.10633,51.1542],[-114.10628,51.15418],[-114.10619,51.15416],[-114.10591,51.15413],[-114.10587,51.15412],[-114.10584,51.15416],[-114.10579,51.15424],[-114.10574,51.1543],[-114.10571,51.15434]]]}},{"type":"Feature","properties":{"status":"closed","calgary_temporal_status":"CURRENT","start_date":"2026-06-30","detour_note":"BOW RIVER PATHWAY - NORTH OF IVOR STRONG BRIDGE \u2014 Pathway flooding. Please use alternative routes."},"geometry":{"type":"LineString","coordinates":[[-114.02108,50.95251],[-114.02108,50.95253],[-114.02107,50.95259],[-114.02107,50.95259],[-114.02108,50.95265],[-114.0211,50.95271],[-114.02111,50.95276],[-114.02113,50.95281],[-114.02115,50.95286],[-114.02116,50.9529],[-114.02118,50.95295],[-114.02119,50.95298],[-114.0212,50.953],[-114.02124,50.95307],[-114.02125,50.95309],[-114.02128,50.95314],[-114.0213,50.95319],[-114.0213,50.95321],[-114.02135,50.95329],[-114.02142,50.95337],[-114.02156,50.9535],[-114.02157,50.95351],[-114.02163,50.95357],[-114.02166,50.9536],[-114.02168,50.95364],[-114.02179,50.95376],[-114.0219,50.95386],[-114.02192,50.95389],[-114.02197,50.95403],[-114.02198,50.95406],[-114.02199,50.95411],[-114.02201,50.95419],[-114.02201,50.95423],[-114.02203,50.95426],[-114.02209,50.9543],[-114.02215,50.95434],[-114.02216,50.95435]]}},{"type":"Feature","properties":{"status":"closed","calgary_temporal_status":"CURRENT","start_date":"2026-05-09","end_date":"2026-12-18","detour_note":"UNIVERSITY DISTRICT - LEBEL CR NW \u2014 Lift access for residential lot construction. Please use outlined detour. "},"geometry":{"type":"LineString","coordinates":[[-114.14854,51.08121],[-114.14857,51.08119],[-114.14876,51.08109],[-114.14887,51.08103],[-114.14896,51.08099],[-114.14903,51.08097],[-114.14915,51.08094],[-114.14935,51.0809]]}},{"type":"Feature","properties":{"status":"detour","calgary_temporal_status":"CURRENT","start_date":"2026-09-09","end_date":"2026-12-18","detour_note":"UNIVERSITY DISTRICT - LEBEL CR NW"},"geometry":{"type":"LineString","coordinates":[[-114.14935,51.0809],[-114.14941,51.08094],[-114.1495,51.08099],[-114.14953,51.08101],[-114.14957,51.08103],[-114.14958,51.08106],[-114.14959,51.08108],[-114.1496,51.0811],[-114.14959,51.08112],[-114.14958,51.08114],[-114.14955,51.08116],[-114.14951,51.08117],[-114.14947,51.08117],[-114.14943,51.08117],[-114.14939,51.08116],[-114.14936,51.08115],[-114.14933,51.08114],[-114.14931,51.08112],[-114.14929,51.08111],[-114.14927,51.08111],[-114.14924,51.08111],[-114.14918,51.08113],[-114.14909,51.08116],[-114.14901,51.08118],[-114.14862,51.08128],[-114.14842,51.08128],[-114.14849,51.08124],[-114.14853,51.08121]]}},{"type":"Feature","properties":{"status":"closed","calgary_temporal_status":"CURRENT","start_date":"2026-01-11","detour_note":"MONTGOMERY - MONTGOMERY BV NW PH 2 \u2014 Excavation work related to feedermain break. Please use designated detour."},"geometry":{"type":"LineString","coordinates":[[-114.16453,51.06832],[-114.16456,51.06828],[-114.16455,51.06827],[-114.16454,51.06825],[-114.16452,51.06822],[-114.16452,51.06822],[-114.16449,51.0682],[-114.16445,51.06819],[-114.16445,51.06819],[-114.1644,51.06818],[-114.16429,51.06816],[-114.16428,51.06816],[-114.16422,51.06815],[-114.16421,51.06815],[-114.16416,51.06814],[-114.1641,51.06813],[-114.16404,51.06812],[-114.16392,51.0681],[-114.16386,51.06809],[-114.16383,51.06808],[-114.1638,51.06808],[-114.16374,51.06807],[-114.16368,51.06805],[-114.16361,51.06804],[-114.16355,51.06803],[-114.16349,51.06801],[-114.16348,51.06801],[-114.16343,51.068],[-114.16337,51.06799],[-114.1633,51.06798],[-114.16324,51.06797],[-114.16318,51.06796],[-114.16313,51.06795],[-114.16312,51.06795],[-114.16306,51.06793],[-114.163,51.06792],[-114.16294,51.06791],[-114.16288,51.0679],[-114.16282,51.06789],[-114.16276,51.06788],[-114.16269,51.06786],[-114.16269,51.06786],[-114.16263,51.06785],[-114.16257,51.06784],[-114.16251,51.06783],[-114.16239,51.06781],[-114.16233,51.0678],[-114.16228,51.06779],[-114.16225,51.06778],[-114.16223,51.06778],[-114.16222,51.06777],[-114.16221,51.06777],[-114.16217,51.06777],[-114.16213,51.06776],[-114.16207,51.06775],[-114.16202,51.06775],[-114.16197,51.06775],[-114.16192,51.06774],[-114.16187,51.06774],[-114.16183,51.06774],[-114.1618,51.06774],[-114.16177,51.06776],[-114.16174,51.06778],[-114.16172,51.0678],[-114.16171,51.06782],[-114.1617,51.06784],[-114.1617,51.06786],[-114.1617,51.06786]]}},{"type":"Feature","properties":{"status":"detour","calgary_temporal_status":"CURRENT","start_date":"2026-01-11","detour_note":"MONTGOMERY - MONTGOMERY BV NW PH 2"},"geometry":{"type":"LineString","coordinates":[[-114.1617,51.06786],[-114.16171,51.06787],[-114.16173,51.06789],[-114.16176,51.0679],[-114.16197,51.06794],[-114.16199,51.06792],[-114.16209,51.0679],[-114.16276,51.06802],[-114.16425,51.06829],[-114.16431,51.06832],[-114.16434,51.06834],[-114.16451,51.06835],[-114.16453,51.06832]]}},{"type":"Feature","properties":{"status":"closed","calgary_temporal_status":"CURRENT","start_date":"2026-01-09","detour_note":"BOW RIVER PATHWAY - 34 ST NW TO 29 ST NW \u2014 Wheeling pathway along Parkdale Bv. NW closed for feeder main work until October 2026. Please share the pedestrian pathway."},"geometry":{"type":"LineString","coordinates":[[-114.12994,51.05522],[-114.13001,51.05523],[-114.13007,51.05525],[-114.13013,51.05527],[-114.13022,51.05529],[-114.13032,51.05532],[-114.13043,51.05534],[-114.13054,51.05537],[-114.13065,51.0554],[-114.13075,51.05542],[-114.13085,51.05545],[-114.13095,51.05548],[-114.13103,51.05549],[-114.13105,51.0555],[-114.13115,51.05553],[-114.13125,51.05556],[-114.13134,51.05559],[-114.1314,51.05561],[-114.13149,51.05565],[-114.13157,51.05568],[-114.13165,51.05572],[-114.13173,51.05576],[-114.13181,51.05579],[-114.1319,51.05583],[-114.13202,51.05586],[-114.13203,51.05587],[-114.13212,51.05589],[-114.13221,51.05591],[-114.13231,51.05594],[-114.1324,51.05596],[-114.1325,51.05599],[-114.1326,51.05601],[-114.13264,51.05602],[-114.1335,51.05625],[-114.13353,51.05626],[-114.13362,51.05628],[-114.13372,51.05631],[-114.13382,51.05634],[-114.13392,51.05637],[-114.13401,51.0564],[-114.1341,51.05642],[-114.13418,51.05643],[-114.1342,51.05643]]}},{"type":"Feature","properties":{"status":"detour","calgary_temporal_status":"CURRENT","start_date":"2026-01-09","detour_note":"BOW RIVER PATHWAY - 34 ST NW TO 29 ST NW"},"geometry":{"type":"LineString","coordinates":[[-114.12994,51.05522],[-114.12999,51.05516],[-114.13014,51.0552],[-114.13041,51.05527],[-114.1306,51.05533],[-114.13086,51.0554],[-114.13097,51.05542],[-114.13111,51.05547],[-114.13139,51.05554],[-114.13179,51.05565],[-114.13195,51.0557],[-114.1321,51.05574],[-114.13225,51.05577],[-114.13257,51.05586],[-114.13288,51.05595],[-114.13293,51.05596],[-114.1333,51.05605],[-114.13363,51.05613],[-114.13371,51.05615],[-114.13393,51.05621],[-114.13396,51.05623],[-114.13398,51.05624],[-114.13402,51.05627],[-114.13406,51.0563],[-114.1341,51.05633],[-114.13413,51.05636],[-114.13416,51.05639],[-114.13419,51.05642],[-114.1342,51.05643]]}},{"type":"Feature","properties":{"status":"closed","calgary_temporal_status":"CURRENT","start_date":"2026-01-23","end_date":"2026-12-31","detour_note":"BOW RIVER PATHWAY - MONTGOMERY VW NW \u2014 Wheeling pathway closed for Bearspaw South Feeder Main Improvements project. Please follow detour signage and share the pedestrian pathway."},"geometry":{"type":"MultiLineString","coordinates":[[[-114.15746,51.06723],[-114.15741,51.0672],[-114.15735,51.06718],[-114.15726,51.06715],[-114.15718,51.06712],[-114.15711,51.06709],[-114.15703,51.06706],[-114.15694,51.06702],[-114.15684,51.06698],[-114.15675,51.06695],[-114.15664,51.06691],[-114.15654,51.06687],[-114.15642,51.06682],[-114.15632,51.06678],[-114.15621,51.06674],[-114.1561,51.0667],[-114.15599,51.06666],[-114.1559,51.06663],[-114.15584,51.0666],[-114.15577,51.06658],[-114.15573,51.06656],[-114.15567,51.06654],[-114.15558,51.0665],[-114.1555,51.06646],[-114.15542,51.06641],[-114.15532,51.06634],[-114.15523,51.06628],[-114.15513,51.06622],[-114.15503,51.06615],[-114.15493,51.06608],[-114.15482,51.06601],[-114.15472,51.06594],[-114.15464,51.06588],[-114.15455,51.0658],[-114.15446,51.06574],[-114.15439,51.06569],[-114.15431,51.06563],[-114.15422,51.06558],[-114.15413,51.06553],[-114.15405,51.06548],[-114.15398,51.06543],[-114.15383,51.06534],[-114.15376,51.0653],[-114.15369,51.06526],[-114.15355,51.06517],[-114.15341,51.06509],[-114.1533,51.06502],[-114.15323,51.06498],[-114.15321,51.06496]],[[-114.15323,51.06483],[-114.15322,51.06485],[-114.15321,51.06488],[-114.1532,51.06491],[-114.15323,51.06483]],[[-114.15295,51.06481],[-114.15299,51.06483],[-114.15307,51.06488],[-114.15315,51.06493],[-114.15321,51.06496],[-114.1532,51.06491]],[[-114.15323,51.06483],[-114.15323,51.06479]]]}},{"type":"Feature","properties":{"status":"detour","calgary_temporal_status":"CURRENT","start_date":"2026-01-23","end_date":"2026-12-31","detour_note":"BOW RIVER PATHWAY - MONTGOMERY VW NW"},"geometry":{"type":"LineString","coordinates":[[-114.15746,51.06723],[-114.15725,51.067],[-114.15714,51.06697],[-114.15705,51.06695],[-114.15697,51.06693],[-114.15681,51.06688],[-114.15668,51.06683],[-114.15664,51.06682],[-114.15652,51.06677],[-114.15644,51.06673],[-114.15631,51.06668],[-114.1562,51.06663],[-114.1561,51.06657],[-114.15609,51.06657],[-114.15593,51.06649],[-114.15583,51.06644],[-114.15557,51.0663],[-114.15539,51.0662],[-114.1551,51.06604],[-114.15507,51.06602],[-114.15492,51.06594],[-114.15482,51.06589],[-114.15464,51.0658],[-114.15459,51.06577],[-114.15455,51.06574],[-114.15442,51.06564],[-114.15416,51.06545],[-114.15412,51.06542],[-114.154,51.06534],[-114.15366,51.06511],[-114.15346,51.06496],[-114.15323,51.06479],[-114.15318,51.06475],[-114.15318,51.06475]]}},{"type":"Feature","properties":{"status":"closed","calgary_temporal_status":"CURRENT","start_date":"2026-01-26","end_date":"2026-11-02","detour_note":"APPLEWOOD PARK - 68 ST TO APPLEGLEN PA SE PH 2 \u2014 Phase 2 of feedermain construction. Please use provided detour."},"geometry":{"type":"LineString","coordinates":[[-113.92353,51.05228],[-113.92354,51.05229],[-113.92356,51.05229],[-113.92359,51.0523],[-113.92359,51.05231],[-113.92359,51.05231],[-113.92363,51.05232],[-113.92366,51.05232],[-113.92371,51.05233],[-113.92379,51.05233],[-113.92384,51.05233],[-113.924,51.05233],[-113.92404,51.05234],[-113.92404,51.05234],[-113.92422,51.05234],[-113.92429,51.05234],[-113.92448,51.05234],[-113.92464,51.05234],[-113.92467,51.05234],[-113.92481,51.05234],[-113.92491,51.05234],[-113.92492,51.05234],[-113.92502,51.05234],[-113.92519,51.05236],[-113.92528,51.05237],[-113.92537,51.05238],[-113.92537,51.05238],[-113.92551,51.05238],[-113.92556,51.05239],[-113.92561,51.05239],[-113.92562,51.05239],[-113.92577,51.05239],[-113.92589,51.05239],[-113.92595,51.05239],[-113.92601,51.05239],[-113.92604,51.05239],[-113.92609,51.05239],[-113.92614,51.05238],[-113.92622,51.05237],[-113.92626,51.05237],[-113.92638,51.05235],[-113.9265,51.05233],[-113.92654,51.05232],[-113.92655,51.05231],[-113.9266,51.0523],[-113.92669,51.05228],[-113.92677,51.05225],[-113.92685,51.05223],[-113.92692,51.0522],[-113.92693,51.0522],[-113.92699,51.05217],[-113.92699,51.05217],[-113.92705,51.05213],[-113.92716,51.05207],[-113.92721,51.05204],[-113.92721,51.05204],[-113.92737,51.05193],[-113.92748,51.05187],[-113.92765,51.05176],[-113.92769,51.05173],[-113.928,51.05153],[-113.92824,51.05138],[-113.92827,51.05136],[-113.92842,51.05127],[-113.92844,51.05125],[-113.92845,51.05125],[-113.92866,51.05111],[-113.92882,51.05101],[-113.92887,51.05098],[-113.92903,51.05088],[-113.92917,51.05079],[-113.92923,51.05075],[-113.92937,51.05067],[-113.92944,51.05062],[-113.92948,51.05059],[-113.92948,51.05059],[-113.92959,51.05056],[-113.92965,51.05054],[-113.92967,51.05053],[-113.92971,51.05051],[-113.92974,51.0505],[-113.92978,51.05047],[-113.92982,51.05044],[-113.92986,51.05039],[-113.92988,51.05037],[-113.92991,51.05033],[-113.92999,51.05026],[-113.93003,51.05023],[-113.93007,51.05021],[-113.93011,51.05018],[-113.93022,51.05011],[-113.93035,51.05004],[-113.93044,51.05001],[-113.93045,51.05001],[-113.93054,51.04998],[-113.93062,51.04995],[-113.93063,51.04995],[-113.93064,51.04995],[-113.93078,51.04988],[-113.93087,51.04983],[-113.93095,51.04978],[-113.93104,51.04971],[-113.93107,51.04969],[-113.93114,51.04963],[-113.9312,51.04958],[-113.93126,51.04953],[-113.9313,51.04949],[-113.93132,51.04947],[-113.93138,51.04941],[-113.93138,51.04941]]}},{"type":"Feature","properties":{"status":"detour","calgary_temporal_status":"CURRENT","start_date":"2026-01-26","end_date":"2026-11-02","detour_note":"APPLEWOOD PARK - 68 ST TO APPLEGLEN PA SE PH 2"},"geometry":{"type":"MultiLineString","coordinates":[[[-113.92353,51.05228],[-113.92353,51.05228],[-113.92352,51.05227],[-113.92352,51.05227],[-113.9235,51.05225],[-113.92349,51.05225],[-113.92349,51.05224],[-113.92349,51.05224],[-113.92346,51.0522],[-113.92345,51.05216],[-113.92344,51.05213],[-113.92344,51.05211],[-113.92343,51.05206],[-113.92343,51.05206],[-113.92342,51.05198],[-113.92342,51.05198],[-113.92341,51.05194],[-113.9234,51.05188],[-113.9234,51.05188],[-113.92338,51.05179],[-113.92336,51.05172],[-113.92336,51.05172],[-113.92334,51.05163],[-113.92334,51.05163],[-113.92332,51.05156],[-113.92331,51.05152],[-113.92331,51.05151],[-113.92331,51.05146],[-113.92332,51.05142],[-113.92332,51.05141],[-113.92332,51.05138],[-113.92332,51.05129],[-113.92332,51.05127],[-113.92332,51.05126],[-113.92333,51.05124],[-113.92333,51.05118],[-113.92333,51.0511],[-113.92334,51.05109],[-113.92334,51.05106],[-113.92334,51.05106],[-113.92334,51.051],[-113.92334,51.05094],[-113.92335,51.05088],[-113.92335,51.05083],[-113.92335,51.0508],[-113.92335,51.0508],[-113.92336,51.05076],[-113.92336,51.05075],[-113.92336,51.05075],[-113.92336,51.05075],[-113.92336,51.05072],[-113.92336,51.05071],[-113.92338,51.05056],[-113.92336,51.0505],[-113.92333,51.05038],[-113.92329,51.05029],[-113.92327,51.05024],[-113.92325,51.05019],[-113.92321,51.05012],[-113.92318,51.05006],[-113.92309,51.04985],[-113.92306,51.0498],[-113.92303,51.04971],[-113.92302,51.04966],[-113.92298,51.04957],[-113.92293,51.04942],[-113.92292,51.04939],[-113.92292,51.04938],[-113.92289,51.04924],[-113.92288,51.04922],[-113.92287,51.04915],[-113.92287,51.04906],[-113.92288,51.04898],[-113.92288,51.04892],[-113.92289,51.04885],[-113.92289,51.04875],[-113.92289,51.04872],[-113.9229,51.04868],[-113.9229,51.04868],[-113.9229,51.04864],[-113.9229,51.04864],[-113.92293,51.04865],[-113.92295,51.04866],[-113.92297,51.04866],[-113.92298,51.04866],[-113.923,51.04867],[-113.92301,51.04867],[-113.92301,51.04867]],[[-113.92301,51.04867],[-113.92302,51.04864],[-113.92304,51.0486],[-113.92309,51.04858],[-113.92316,51.04857],[-113.92334,51.04857],[-113.92379,51.04858],[-113.9243,51.04858],[-113.92451,51.04857],[-113.92463,51.04857],[-113.92492,51.04857],[-113.92502,51.04857],[-113.92522,51.04857],[-113.9254,51.04857],[-113.9256,51.04856],[-113.9257,51.04856],[-113.9257,51.04865],[-113.92571,51.04876],[-113.92575,51.04887],[-113.92582,51.04898],[-113.92591,51.04908],[-113.92601,51.04915],[-113.92611,51.04922],[-113.92612,51.04922],[-113.9262,51.04926],[-113.92634,51.04932],[-113.92649,51.04936],[-113.92666,51.04939],[-113.92679,51.0494],[-113.92688,51.0494],[-113.92697,51.0494],[-113.92708,51.04939],[-113.92719,51.04938],[-113.92744,51.04932],[-113.9276,51.04925],[-113.92788,51.0491],[-113.9279,51.04907],[-113.92791,51.04902],[-113.92799,51.04898],[-113.92807,51.04893],[-113.92813,51.04892],[-113.92813,51.04892],[-113.92814,51.04892],[-113.92834,51.04881],[-113.92861,51.04863],[-113.92889,51.04845],[-113.9289,51.04845],[-113.92935,51.04817],[-113.92952,51.04826],[-113.92957,51.04827],[-113.92962,51.04828],[-113.92982,51.0484],[-113.93013,51.04859],[-113.93053,51.04885],[-113.93087,51.04906],[-113.93117,51.04926],[-113.93132,51.04936]]]}},{"type":"Feature","properties":{"status":"closed","calgary_temporal_status":"CURRENT","start_date":"2026-02-04","end_date":"2026-10-09","detour_note":"BOW RIVER PATHWAY - SHAGANAPPI PUMP STATION PH. 2 \u2014 Closed for Bearspaw South Feeder Main Improvements project. Cyclists heading eastbound from Bowness Rd NW use roadway detour or dismount and use sidewalk."},"geometry":{"type":"MultiLineString","coordinates":[[[-114.15079,51.06222],[-114.15043,51.06234]],[[-114.15043,51.06234],[-114.15033,51.06222],[-114.1502,51.06209],[-114.15013,51.06202],[-114.15008,51.06197],[-114.15001,51.06191],[-114.14993,51.06185],[-114.14989,51.06181]],[[-114.15043,51.06234],[-114.15029,51.06239],[-114.15021,51.06248],[-114.15014,51.06255],[-114.14979,51.06285],[-114.14975,51.06287],[-114.14969,51.0629]],[[-114.15154,51.06297],[-114.15134,51.06309],[-114.15122,51.06316],[-114.15118,51.06311],[-114.15114,51.06307],[-114.15108,51.06301],[-114.15103,51.06295],[-114.15097,51.06289],[-114.15091,51.06284],[-114.15085,51.06278],[-114.15079,51.06272],[-114.15073,51.06266],[-114.15067,51.06259],[-114.15061,51.06253],[-114.15055,51.06247],[-114.15049,51.0624],[-114.15043,51.06234]],[[-114.15243,51.06439],[-114.1524,51.06436],[-114.15237,51.06433],[-114.15234,51.0643],[-114.15226,51.06421],[-114.15219,51.06414],[-114.15214,51.06409],[-114.15209,51.06404],[-114.15204,51.06398],[-114.15198,51.06393],[-114.15193,51.06387],[-114.15187,51.06382],[-114.15182,51.06376],[-114.15176,51.06371],[-114.15171,51.06365],[-114.15166,51.0636],[-114.1516,51.06354],[-114.15154,51.06348],[-114.15149,51.06342],[-114.15143,51.06336],[-114.15122,51.06316],[-114.1512,51.06317],[-114.15108,51.06322],[-114.151,51.06327],[-114.15091,51.06334],[-114.15076,51.06345],[-114.15062,51.06357],[-114.15056,51.06361],[-114.15051,51.06363],[-114.15046,51.06364],[-114.15028,51.06367],[-114.15022,51.06367],[-114.15016,51.06366],[-114.14998,51.06359],[-114.14976,51.0635],[-114.14961,51.06342],[-114.14951,51.06339],[-114.14946,51.06333],[-114.14935,51.06335]],[[-114.15318,51.06475],[-114.15307,51.06477],[-114.15305,51.06478],[-114.15303,51.06479],[-114.15295,51.06481],[-114.1529,51.06478],[-114.15283,51.06474],[-114.15282,51.06473],[-114.15277,51.0647],[-114.15271,51.06466],[-114.15266,51.06462],[-114.15262,51.06459],[-114.15258,51.06455],[-114.15255,51.06451],[-114.15252,51.06448],[-114.15248,51.06444],[-114.15243,51.06439]],[[-114.15212,51.06619],[-114.15162,51.0658],[-114.1515,51.06569],[-114.15143,51.06559],[-114.15138,51.0655],[-114.15136,51.06541],[-114.15137,51.06534],[-114.1514,51.06528],[-114.15144,51.06522],[-114.15141,51.06521],[-114.15129,51.06515],[-114.15125,51.06513],[-114.15125,51.06511],[-114.15126,51.065],[-114.15129,51.06495],[-114.15133,51.06489],[-114.15175,51.0645],[-114.15183,51.06442],[-114.15185,51.06442],[-114.15219,51.06448],[-114.15225,51.06445],[-114.15243,51.06439]]]}},{"type":"Feature","properties":{"status":"detour","calgary_temporal_status":"CURRENT","start_date":"2026-02-04","end_date":"2026-10-09","detour_note":"BOW RIVER PATHWAY - SHAGANAPPI PUMP STATION PH. 2"},"geometry":{"type":"MultiLineString","coordinates":[[[-114.15212,51.06619],[-114.15225,51.06627],[-114.15242,51.06638],[-114.15252,51.06646],[-114.15258,51.0665],[-114.15265,51.06657],[-114.15272,51.06669],[-114.15276,51.06674],[-114.15283,51.06678],[-114.1536,51.06735],[-114.15365,51.06735],[-114.15372,51.06741],[-114.15391,51.06754],[-114.15416,51.06774],[-114.15422,51.06777],[-114.15401,51.06787]],[[-114.1528,51.06703],[-114.15275,51.067],[-114.15274,51.06699],[-114.15266,51.06696],[-114.1526,51.06693],[-114.15253,51.06692],[-114.15254,51.06689],[-114.15259,51.06679],[-114.15252,51.06676],[-114.15248,51.06674],[-114.15242,51.06671],[-114.15232,51.06665],[-114.1523,51.06663],[-114.15227,51.0666],[-114.15224,51.06657],[-114.15221,51.06654],[-114.15218,51.06654],[-114.152,51.06652],[-114.15195,51.06652],[-114.15192,51.06651],[-114.15188,51.0665],[-114.15187,51.0665],[-114.15184,51.06647],[-114.15182,51.06636],[-114.15181,51.06635],[-114.15181,51.06635],[-114.15179,51.0663],[-114.15176,51.06626],[-114.15171,51.06621],[-114.15166,51.06617],[-114.15163,51.06614],[-114.15147,51.06601],[-114.15138,51.06595],[-114.15115,51.06577],[-114.1511,51.06573],[-114.15101,51.06565],[-114.15098,51.0656],[-114.15097,51.06559],[-114.15094,51.06554],[-114.15093,51.06547],[-114.15093,51.06537],[-114.15091,51.06528],[-114.1509,51.06527],[-114.15089,51.06521],[-114.15057,51.06439],[-114.15055,51.06436],[-114.15047,51.06427],[-114.15037,51.06419],[-114.15025,51.06412],[-114.15018,51.06407],[-114.15011,51.06405],[-114.14962,51.06384],[-114.14928,51.06369],[-114.14925,51.06368],[-114.14923,51.06365],[-114.1492,51.06356],[-114.14916,51.06354],[-114.14935,51.06335],[-114.14923,51.0633],[-114.1491,51.06325],[-114.14907,51.06314],[-114.1491,51.06313],[-114.14917,51.06312],[-114.14922,51.06309],[-114.14927,51.06308],[-114.14933,51.06305],[-114.1494,51.06302],[-114.14947,51.06299],[-114.14958,51.06294],[-114.14966,51.06291],[-114.14969,51.0629],[-114.14962,51.06285],[-114.14947,51.06275],[-114.14936,51.06267],[-114.1493,51.06261],[-114.14954,51.06237],[-114.14956,51.06234],[-114.14956,51.06194],[-114.14989,51.06181],[-114.15029,51.06165],[-114.15041,51.06177],[-114.1505,51.06187],[-114.15058,51.06198],[-114.15079,51.06222],[-114.15082,51.06226],[-114.1509,51.06236],[-114.15095,51.06243],[-114.151,51.06249],[-114.15107,51.06255],[-114.15111,51.0626],[-114.15116,51.06265],[-114.15122,51.06271],[-114.15129,51.06276],[-114.15136,51.06283],[-114.15148,51.06292],[-114.15154,51.06297],[-114.15162,51.06303],[-114.15179,51.06318],[-114.15188,51.06326],[-114.15192,51.06329],[-114.152,51.06335],[-114.15215,51.06345],[-114.15221,51.06349],[-114.15232,51.06358],[-114.15242,51.06366],[-114.1525,51.06371],[-114.15252,51.06373],[-114.15261,51.06381],[-114.15269,51.06387],[-114.15274,51.06391],[-114.15275,51.06394],[-114.15278,51.06397],[-114.1528,51.06401],[-114.15285,51.06409],[-114.15288,51.06415],[-114.15289,51.06417],[-114.15289,51.06417],[-114.15291,51.06422],[-114.15294,51.0643],[-114.15298,51.0644],[-114.153,51.06447],[-114.15303,51.06453],[-114.15306,51.06458],[-114.15311,51.06467],[-114.15318,51.06475]],[[-114.15401,51.06787],[-114.15377,51.06769],[-114.15334,51.06736],[-114.15329,51.06733],[-114.15327,51.06732],[-114.15326,51.0673],[-114.15325,51.06728],[-114.15324,51.06726],[-114.15322,51.06724],[-114.15318,51.06721],[-114.15311,51.06716],[-114.15305,51.06712],[-114.15297,51.06707],[-114.15292,51.06705],[-114.15286,51.06704],[-114.1528,51.06703]],[[-114.15401,51.06787],[-114.15409,51.06794],[-114.15399,51.06799],[-114.15377,51.06811],[-114.15363,51.06818],[-114.15333,51.06834],[-114.15323,51.0684],[-114.15314,51.06844],[-114.15311,51.06846],[-114.15306,51.06842],[-114.15297,51.06835],[-114.15286,51.06828],[-114.15283,51.06825],[-114.15281,51.06824],[-114.1528,51.06823],[-114.1528,51.06822],[-114.1528,51.06798],[-114.1528,51.06778],[-114.1528,51.06763],[-114.1528,51.06744],[-114.1528,51.06743],[-114.15281,51.0674],[-114.15281,51.06738],[-114.15282,51.06736],[-114.15282,51.06736],[-114.15282,51.06734],[-114.15281,51.0673],[-114.1528,51.06726],[-114.15276,51.0672],[-114.15272,51.06717],[-114.15271,51.06715],[-114.1527,51.06712],[-114.15272,51.06708],[-114.15275,51.06706],[-114.1528,51.06703]]]}},{"type":"Feature","properties":{"status":"closed","calgary_temporal_status":"CURRENT","start_date":"2026-02-09","end_date":"2026-12-31","detour_note":"6 ST SE & 9 AV SE - PATHWAY & CYCLE TRACK CLOSURE \u2014 Closed for the 6 Street Underpass Project construction. Please use the provided pathway and roadway detours."},"geometry":{"type":"MultiLineString","coordinates":[[[-114.04431,51.04375],[-114.04442,51.04379],[-114.04496,51.0438],[-114.04595,51.04384],[-114.04676,51.04387],[-114.04752,51.04389],[-114.04763,51.04389],[-114.04771,51.0439],[-114.0478,51.0439],[-114.04795,51.04391],[-114.04818,51.04394],[-114.04827,51.04395],[-114.04864,51.04401],[-114.04881,51.04403],[-114.04898,51.04405],[-114.04928,51.04409],[-114.04958,51.04411],[-114.04985,51.04413],[-114.05015,51.04414],[-114.05064,51.04416],[-114.05132,51.04418],[-114.05169,51.04419],[-114.05216,51.04419],[-114.05301,51.04421]],[[-114.04817,51.04412],[-114.0481,51.04411],[-114.04801,51.0441],[-114.04782,51.04408],[-114.04749,51.04406],[-114.04686,51.04405],[-114.04661,51.04405],[-114.04645,51.04404],[-114.04572,51.04401],[-114.04534,51.044],[-114.04523,51.04401],[-114.04502,51.044],[-114.04481,51.044],[-114.04479,51.044],[-114.04473,51.04401],[-114.04457,51.044],[-114.04429,51.04399],[-114.04413,51.04397],[-114.04403,51.04396]],[[-114.04817,51.04412],[-114.04821,51.04414],[-114.04823,51.04416],[-114.04847,51.04416],[-114.04855,51.04416],[-114.04865,51.04417],[-114.04889,51.0442],[-114.04929,51.04424],[-114.04962,51.04427],[-114.04975,51.04428],[-114.04991,51.04429],[-114.05028,51.04431],[-114.05061,51.04431],[-114.05064,51.04431]],[[-114.04816,51.04505],[-114.04816,51.04471],[-114.04816,51.04418],[-114.04816,51.04416],[-114.04817,51.04412]]]}},{"type":"Feature","properties":{"status":"detour","calgary_temporal_status":"CURRENT","start_date":"2026-02-09","end_date":"2026-12-31","detour_note":"6 ST SE & 9 AV SE - PATHWAY & CYCLE TRACK CLOSURE \u2014 Closed for the 6 Street Underpass Project construction. Please use the provided pathway and roadway detours."},"geometry":{"type":"MultiLineString","coordinates":[[[-114.04266,51.0449],[-114.04266,51.04503],[-114.04265,51.0452],[-114.04267,51.04528],[-114.04269,51.04534],[-114.04272,51.04545],[-114.04275,51.04552],[-114.04279,51.04558],[-114.04283,51.04563],[-114.04288,51.04569],[-114.04291,51.04572],[-114.04295,51.04575],[-114.04302,51.0458],[-114.0431,51.04585],[-114.04317,51.04589],[-114.0432,51.04591],[-114.04329,51.04595],[-114.04335,51.04597],[-114.04344,51.04602],[-114.04356,51.04606],[-114.04367,51.0461],[-114.04381,51.04614],[-114.0439,51.04616],[-114.04399,51.04618],[-114.04409,51.0462],[-114.04417,51.04621],[-114.04426,51.04623],[-114.04433,51.04624],[-114.04441,51.04625],[-114.04448,51.04626],[-114.04458,51.04628],[-114.04466,51.0463],[-114.04474,51.04632],[-114.04483,51.04634],[-114.04488,51.04636],[-114.04493,51.04638],[-114.04497,51.0464],[-114.04501,51.04641]],[[-114.04816,51.04514],[-114.04816,51.04527],[-114.04815,51.04536],[-114.04814,51.04545],[-114.04812,51.04555],[-114.04809,51.04563],[-114.04806,51.04571],[-114.048,51.0458],[-114.04794,51.04589],[-114.04791,51.04592],[-114.04784,51.04599],[-114.04773,51.04609],[-114.0477,51.04612],[-114.04765,51.04617],[-114.04754,51.04622],[-114.04736,51.04627],[-114.04715,51.04631],[-114.04704,51.04633],[-114.04693,51.04633],[-114.04682,51.04634],[-114.04671,51.04634],[-114.0466,51.04633],[-114.04641,51.0463],[-114.04629,51.04627],[-114.04604,51.04621],[-114.04595,51.0462],[-114.04586,51.04619],[-114.04576,51.04618],[-114.04566,51.04618],[-114.04557,51.04619],[-114.04548,51.04621],[-114.04539,51.04623],[-114.0453,51.04625],[-114.04522,51.04628],[-114.04514,51.04632],[-114.04507,51.04637],[-114.04501,51.04641]],[[-114.05301,51.04421],[-114.05323,51.04421],[-114.05322,51.04441],[-114.05321,51.04449],[-114.05321,51.04464],[-114.05321,51.04484],[-114.05322,51.045],[-114.05321,51.04527],[-114.05266,51.04525],[-114.05198,51.04523],[-114.05151,51.04522],[-114.05092,51.0452],[-114.05071,51.0452],[-114.05058,51.04519],[-114.05024,51.04518],[-114.04993,51.04517],[-114.04964,51.04516],[-114.04934,51.04515],[-114.04905,51.04514],[-114.04816,51.04514]],[[-114.04816,51.04505],[-114.04816,51.04512],[-114.04816,51.04514]],[[-114.04501,51.04641],[-114.04498,51.04644],[-114.04488,51.04641],[-114.04476,51.04639],[-114.04465,51.04638],[-114.04454,51.04637],[-114.04442,51.04635],[-114.04432,51.04633],[-114.04423,51.0463],[-114.04412,51.04627],[-114.044,51.04623],[-114.0439,51.04621],[-114.0438,51.04618],[-114.04371,51.04616],[-114.04362,51.04614],[-114.04356,51.04613],[-114.04346,51.0461],[-114.04338,51.04607],[-114.04331,51.04604],[-114.04327,51.04602],[-114.0432,51.04597],[-114.04314,51.04594],[-114.04306,51.0459],[-114.04298,51.04587],[-114.04293,51.04584],[-114.04287,51.04581],[-114.04283,51.04577],[-114.04278,51.04573],[-114.04275,51.04568],[-114.0427,51.04561],[-114.04267,51.04551],[-114.04265,51.04542],[-114.04265,51.04541],[-114.04263,51.04532],[-114.04262,51.04525],[-114.04261,51.04516],[-114.04261,51.04509],[-114.04261,51.04495],[-114.04261,51.0449],[-114.04263,51.0449],[-114.04266,51.0449]],[[-114.04281,51.04449],[-114.04274,51.04459],[-114.04269,51.04467],[-114.04267,51.04472],[-114.04266,51.04475],[-114.04266,51.04477],[-114.04266,51.0449]],[[-114.04431,51.04375],[-114.0442,51.04371],[-114.04392,51.04367],[-114.04368,51.04364],[-114.04359,51.04362],[-114.04352,51.04359],[-114.0434,51.0435],[-114.04332,51.04346],[-114.04323,51.04341],[-114.04322,51.04342],[-114.04297,51.04377],[-114.04291,51.04387],[-114.04288,51.04395],[-114.04284,51.04405],[-114.04281,51.04415],[-114.0428,51.04425],[-114.04279,51.04435],[-114.04279,51.04444],[-114.04279,51.04447],[-114.04281,51.04449]],[[-114.04403,51.04396],[-114.04371,51.0439],[-114.04323,51.04381],[-114.04325,51.04385],[-114.04315,51.04403],[-114.04314,51.04414],[-114.04314,51.04419],[-114.04312,51.04423],[-114.04309,51.04427],[-114.04307,51.04431],[-114.04303,51.04434],[-114.04295,51.0444],[-114.04287,51.04445],[-114.04281,51.04449]]]}},{"type":"Feature","properties":{"status":"detour","calgary_temporal_status":"CURRENT","start_date":"2026-04-06","end_date":"2026-10-15","detour_note":"LRT BRIDGE & BOW RIVER PATHWAY TO 9 ST NW"},"geometry":{"type":"LineString","coordinates":[[-114.08321,51.05083],[-114.08305,51.05083],[-114.08287,51.05084],[-114.08267,51.05086],[-114.08253,51.05088],[-114.08243,51.0509],[-114.08235,51.05092],[-114.08226,51.05094],[-114.08217,51.05096],[-114.08197,51.05102],[-114.08186,51.05107],[-114.0817,51.05113],[-114.08153,51.0512],[-114.08137,51.05127],[-114.08129,51.05131],[-114.08111,51.0514],[-114.08076,51.05158],[-114.08052,51.05171],[-114.08014,51.0519],[-114.07977,51.0521],[-114.07928,51.05236],[-114.07927,51.05237],[-114.07908,51.05244],[-114.0788,51.05254],[-114.07852,51.05264],[-114.07833,51.05271],[-114.07833,51.05274],[-114.07833,51.05277],[-114.07832,51.05282],[-114.07832,51.05292],[-114.07831,51.05297],[-114.07829,51.05305],[-114.07829,51.05307],[-114.07828,51.05311],[-114.07828,51.05317],[-114.07828,51.05322],[-114.07827,51.05326],[-114.07827,51.05331],[-114.07827,51.05335],[-114.07826,51.05339],[-114.07827,51.05342],[-114.07828,51.05345],[-114.07828,51.05348],[-114.07955,51.05436],[-114.0796,51.0544]]}},{"type":"Feature","properties":{"status":"detour","calgary_temporal_status":"CURRENT","start_date":"2025-08-13","detour_note":"MEMORIAL DR & 9A ST NW - PED OVERPASS \u2014 Wheeling Detour"},"geometry":{"type":"MultiLineString","coordinates":[[[-114.07788,51.05585],[-114.07794,51.05598],[-114.07869,51.05648],[-114.07913,51.05621],[-114.08047,51.05541],[-114.08092,51.05514],[-114.08136,51.05488],[-114.08181,51.05461],[-114.08225,51.05434]],[[-114.08137,51.05376],[-114.08225,51.05434],[-114.08288,51.05397],[-114.08348,51.05361],[-114.08401,51.05329],[-114.0841,51.05324],[-114.08418,51.05315],[-114.08399,51.05268],[-114.08409,51.05262],[-114.08427,51.05249],[-114.08435,51.05246],[-114.08442,51.05244],[-114.08438,51.05238]]]}},{"type":"Feature","properties":{"status":"detour","calgary_temporal_status":"CURRENT","start_date":"2025-08-13","detour_note":"MEMORIAL DR & 9A ST NW - PED OVERPASS \u2014 Walking Detour"},"geometry":{"type":"LineString","coordinates":[[-114.08463,51.05205],[-114.0847,51.05202],[-114.08487,51.05197],[-114.08508,51.05192],[-114.08525,51.05192],[-114.08546,51.05193],[-114.08551,51.0519],[-114.08563,51.05193],[-114.08564,51.05194],[-114.08572,51.0521],[-114.08556,51.05214],[-114.08512,51.05223],[-114.08475,51.05231],[-114.08458,51.05234],[-114.08444,51.05237],[-114.08438,51.05238],[-114.08442,51.05244]]}},{"type":"Feature","properties":{"status":"detour","calgary_temporal_status":"CURRENT","start_date":"2026-04-13","end_date":"2026-10-15","detour_note":"BOW RIVER PATHWAY - 14 ST NW TO 10 ST NW"},"geometry":{"type":"LineString","coordinates":[[-114.08321,51.05083],[-114.08325,51.05082],[-114.08331,51.05082],[-114.08338,51.05081],[-114.08342,51.0508],[-114.08347,51.05078],[-114.08353,51.05076],[-114.08357,51.05074],[-114.08364,51.05071],[-114.08372,51.05066],[-114.08382,51.05061],[-114.08391,51.05057],[-114.08402,51.05051],[-114.08409,51.05047],[-114.0841,51.05047],[-114.08424,51.05039],[-114.08437,51.05032],[-114.08445,51.05027],[-114.08449,51.05025],[-114.0845,51.05023],[-114.08451,51.05021],[-114.0845,51.05019],[-114.08448,51.05015],[-114.08445,51.0501],[-114.08457,51.05007],[-114.08466,51.05005],[-114.08471,51.05004],[-114.08477,51.05003],[-114.08483,51.05002],[-114.08494,51.05],[-114.08508,51.04995],[-114.08529,51.04989],[-114.0853,51.04988],[-114.08556,51.04981],[-114.08566,51.04978],[-114.08586,51.04972],[-114.0862,51.04962],[-114.08659,51.04951],[-114.08666,51.04949],[-114.08685,51.04943],[-114.08723,51.04932],[-114.08755,51.04923],[-114.08766,51.0492],[-114.08777,51.04917],[-114.088,51.0491],[-114.0881,51.04907],[-114.08826,51.04902],[-114.08867,51.0489],[-114.08904,51.0488],[-114.0894,51.0487],[-114.08957,51.04865],[-114.08977,51.04861],[-114.08992,51.04857],[-114.09005,51.04853],[-114.09009,51.04851],[-114.09013,51.0485],[-114.09017,51.04849],[-114.09028,51.04845],[-114.09036,51.04842],[-114.0905,51.04837],[-114.09057,51.04833],[-114.09073,51.04825],[-114.09088,51.04817],[-114.09097,51.0481],[-114.09106,51.04803],[-114.09114,51.04797],[-114.09117,51.04795],[-114.0912,51.04793],[-114.09121,51.04792],[-114.09133,51.04787],[-114.09145,51.04782],[-114.09156,51.04778],[-114.09168,51.04774],[-114.09191,51.04768],[-114.09215,51.04762],[-114.09227,51.04759],[-114.09253,51.04755],[-114.09256,51.04754],[-114.09256,51.04754],[-114.0927,51.04752],[-114.09285,51.04749],[-114.0929,51.04749],[-114.09318,51.04746],[-114.09342,51.04743],[-114.0935,51.04741],[-114.09351,51.0474],[-114.09363,51.04735],[-114.0937,51.04732],[-114.09376,51.04728],[-114.09381,51.04727],[-114.09385,51.04727],[-114.09391,51.04728],[-114.09398,51.04729],[-114.09411,51.04727],[-114.09413,51.04726],[-114.09419,51.04725],[-114.09424,51.04725],[-114.09428,51.04724],[-114.09432,51.04723],[-114.09439,51.04722],[-114.09455,51.04719],[-114.09456,51.04719],[-114.09456,51.04724],[-114.09457,51.04777],[-114.09455,51.04893],[-114.09448,51.04894],[-114.09433,51.04894],[-114.09429,51.04894],[-114.09426,51.04894],[-114.09422,51.04893],[-114.0942,51.04892],[-114.09414,51.04891],[-114.09414,51.0489],[-114.0941,51.04888],[-114.09406,51.04886],[-114.09398,51.04889],[-114.0939,51.04894],[-114.09379,51.049],[-114.0937,51.04906],[-114.09361,51.04911],[-114.09352,51.04916],[-114.09341,51.04922],[-114.09331,51.04929],[-114.09324,51.04934],[-114.09317,51.04939],[-114.0931,51.04945],[-114.09308,51.04946],[-114.09301,51.04951],[-114.09292,51.04958],[-114.09283,51.04964],[-114.09275,51.0497],[-114.09266,51.04976],[-114.09256,51.04983],[-114.09246,51.0499],[-114.09236,51.04996],[-114.09228,51.05002],[-114.09223,51.05005],[-114.09221,51.05006],[-114.09216,51.0501],[-114.09212,51.05013],[-114.09208,51.05018],[-114.09204,51.05022],[-114.09201,51.05025],[-114.09199,51.05026],[-114.09193,51.05031],[-114.09187,51.05036],[-114.09179,51.05041],[-114.0917,51.05045],[-114.09158,51.0505],[-114.09147,51.05055],[-114.09138,51.05058],[-114.09128,51.05061],[-114.09127,51.05061],[-114.09112,51.05065],[-114.09095,51.05069],[-114.09074,51.05074],[-114.0905,51.05079],[-114.09029,51.05083],[-114.08987,51.05093],[-114.08976,51.05095],[-114.08958,51.05099],[-114.08941,51.05102],[-114.08918,51.05106],[-114.08896,51.05111],[-114.08895,51.05111],[-114.08875,51.05115],[-114.08858,51.05119],[-114.08844,51.05122],[-114.0884,51.05123],[-114.08835,51.05123],[-114.08831,51.05124],[-114.08828,51.05124],[-114.08823,51.05123],[-114.08817,51.05122],[-114.08809,51.05119],[-114.08796,51.05114],[-114.08786,51.0511],[-114.08784,51.05109],[-114.08773,51.05106],[-114.08746,51.05105],[-114.08743,51.05106],[-114.08703,51.05113],[-114.08683,51.05117],[-114.08678,51.05118],[-114.08673,51.05119],[-114.08667,51.0512],[-114.08649,51.05125],[-114.08642,51.05127],[-114.08633,51.05129],[-114.08629,51.0513],[-114.08618,51.05133],[-114.0859,51.0514],[-114.08554,51.05155],[-114.08546,51.05158],[-114.08546,51.05158],[-114.08534,51.05163],[-114.08518,51.05171],[-114.08497,51.05181],[-114.08492,51.05183],[-114.08488,51.05185],[-114.08472,51.05193],[-114.08458,51.05201],[-114.08463,51.05205]]}},{"type":"Feature","properties":{"status":"detour","calgary_temporal_status":"CURRENT","detour_note":"SUNNYSIDE FLOOD BARRIER -ALTERNATE WHEELING DETOUR \u2014 Alternative Wheeling Detour"},"geometry":{"type":"LineString","coordinates":[[-114.08442,51.05244],[-114.08435,51.05246],[-114.08427,51.05249],[-114.08434,51.05252],[-114.08439,51.05273],[-114.0844,51.05277],[-114.08449,51.05299],[-114.08451,51.05308],[-114.08451,51.05324],[-114.08451,51.05348],[-114.08452,51.05395],[-114.08453,51.05418],[-114.08453,51.05423],[-114.08375,51.05469],[-114.08281,51.05525],[-114.08035,51.05672],[-114.0785,51.05783],[-114.07803,51.05811],[-114.07762,51.05836],[-114.07689,51.0588],[-114.0764,51.05908],[-114.07616,51.05921],[-114.0761,51.05923],[-114.07602,51.05926],[-114.07599,51.05926],[-114.07553,51.05926],[-114.07505,51.05926],[-114.07476,51.05926],[-114.07312,51.05926],[-114.07296,51.05927],[-114.07296,51.05932],[-114.07296,51.05987],[-114.07295,51.06071],[-114.07295,51.06089],[-114.07288,51.06089],[-114.07275,51.06088],[-114.07262,51.06087],[-114.0725,51.06085],[-114.07245,51.06083],[-114.07239,51.06081],[-114.07232,51.06077],[-114.07211,51.06072],[-114.07203,51.06067],[-114.07188,51.06059],[-114.07167,51.06047],[-114.07159,51.06043],[-114.07154,51.06039],[-114.07152,51.06037],[-114.0715,51.06035],[-114.07149,51.06032],[-114.07149,51.06026],[-114.07149,51.0602],[-114.07149,51.06016],[-114.07148,51.06012],[-114.07146,51.0601],[-114.07144,51.06008],[-114.07142,51.06007],[-114.0714,51.06006],[-114.07139,51.06005],[-114.07134,51.06004],[-114.07128,51.06002],[-114.07122,51.06001],[-114.07114,51.05999],[-114.07105,51.05996],[-114.07101,51.05994],[-114.07097,51.05992],[-114.07095,51.05991],[-114.07092,51.05989],[-114.07088,51.05986],[-114.07085,51.05983],[-114.07081,51.05981],[-114.07077,51.0598],[-114.07073,51.05977],[-114.07062,51.05973],[-114.07055,51.0597],[-114.07054,51.05969],[-114.07052,51.05968],[-114.07051,51.05966],[-114.0705,51.05965],[-114.07048,51.05959],[-114.07044,51.05952],[-114.0704,51.05948],[-114.07025,51.0594],[-114.07014,51.05935],[-114.07008,51.05932],[-114.07005,51.0593],[-114.07003,51.05927],[-114.07002,51.05923],[-114.06998,51.05915],[-114.07001,51.05912],[-114.07002,51.0591],[-114.07003,51.05909],[-114.07003,51.05907],[-114.07003,51.05901],[-114.07003,51.05895],[-114.07003,51.05888],[-114.07003,51.05885],[-114.07003,51.05866],[-114.07002,51.0582],[-114.07002,51.05817],[-114.07,51.05814],[-114.07,51.05812],[-114.07,51.05808],[-114.07,51.05806],[-114.07,51.05803],[-114.07,51.05802],[-114.07,51.05777],[-114.07,51.05773],[-114.06998,51.05769],[-114.06998,51.05768]]}},{"type":"Feature","properties":{"status":"closed","calgary_temporal_status":"CURRENT","start_date":"2026-05-01","detour_note":"OGDEN - GLENMORE TR & 24 ST NE \u2014 Soundwall repair, closed until further notice. Please use provided detour."},"geometry":{"type":"LineString","coordinates":[[-113.99927,50.97969],[-113.99942,50.97964],[-113.99949,50.97963],[-113.99974,50.97963],[-113.99976,50.97963],[-113.99993,50.97963],[-114.00021,50.97963],[-114.00035,50.97963],[-114.00049,50.97963],[-114.00071,50.97962],[-114.00075,50.97962],[-114.00091,50.97963],[-114.00095,50.97963],[-114.00111,50.97963],[-114.00127,50.97962],[-114.00145,50.97962],[-114.00179,50.97962],[-114.00222,50.97962],[-114.00227,50.97962],[-114.00253,50.97962],[-114.00255,50.97962],[-114.00255,50.97962],[-114.00255,50.97962],[-114.00268,50.97963],[-114.00271,50.97963],[-114.00279,50.97964],[-114.0029,50.97965],[-114.00297,50.97965],[-114.00344,50.97964],[-114.00365,50.97964],[-114.0038,50.97964],[-114.00403,50.97964],[-114.00475,50.97964],[-114.00475,50.97964],[-114.00507,50.97964],[-114.00558,50.97964],[-114.0057,50.97964],[-114.00587,50.97964],[-114.00614,50.97964],[-114.00646,50.97964],[-114.0069,50.97964],[-114.00712,50.97965],[-114.00717,50.97965],[-114.00803,50.97965],[-114.00807,50.97965],[-114.00826,50.97965],[-114.00859,50.97966],[-114.00881,50.97967],[-114.00917,50.97969],[-114.00945,50.97971],[-114.00954,50.97972],[-114.01005,50.97977],[-114.01026,50.97981],[-114.01047,50.97984],[-114.01093,50.97992],[-114.01098,50.97993],[-114.01133,50.97999],[-114.01167,50.98006],[-114.01201,50.98013],[-114.01236,50.98024],[-114.01246,50.98027],[-114.01258,50.98033],[-114.01276,50.98042],[-114.01296,50.98056],[-114.01316,50.98071],[-114.01316,50.98071],[-114.01326,50.9808]]}},{"type":"Feature","properties":{"status":"detour","calgary_temporal_status":"CURRENT","start_date":"2026-05-01","detour_note":"OGDEN - GLENMORE TR & 24 ST NE"},"geometry":{"type":"LineString","coordinates":[[-114.01326,50.9808],[-114.01326,50.98084],[-114.01325,50.98089],[-114.01324,50.98093],[-114.01323,50.98097],[-114.01316,50.98106],[-114.01301,50.98124],[-114.01298,50.98128],[-114.01293,50.98134],[-114.01289,50.9814],[-114.01287,50.98142],[-114.01284,50.98148],[-114.01283,50.98154],[-114.01281,50.98165],[-114.0128,50.98178],[-114.0128,50.98187],[-114.0128,50.98201],[-114.0128,50.98203],[-114.0128,50.98205],[-114.01282,50.98221],[-114.01282,50.98234],[-114.01282,50.98236],[-114.01282,50.98239],[-114.01282,50.98243],[-114.0128,50.9825],[-114.01278,50.98262],[-114.01277,50.98271],[-114.01275,50.98273],[-114.01281,50.98282],[-114.0129,50.9829],[-114.01302,50.98301],[-114.01313,50.98311],[-114.01324,50.98317],[-114.01332,50.9832],[-114.0133,50.98321],[-114.0132,50.98325],[-114.01312,50.98326],[-114.01299,50.98328],[-114.01296,50.98328],[-114.01287,50.98327],[-114.01286,50.98327],[-114.01267,50.98327],[-114.01257,50.98326],[-114.01225,50.98325],[-114.01221,50.98325],[-114.01206,50.98325],[-114.01193,50.98325],[-114.01192,50.98325],[-114.01182,50.98325],[-114.01176,50.98325],[-114.01173,50.98325],[-114.01167,50.98325],[-114.01164,50.98325],[-114.0116,50.98325],[-114.01124,50.98325],[-114.01123,50.98325],[-114.01122,50.98325],[-114.01107,50.98325],[-114.01057,50.98325],[-114.01044,50.98325],[-114.01033,50.98325],[-114.01029,50.98325],[-114.01029,50.9833],[-114.01002,50.98329],[-114.00894,50.98328],[-114.00841,50.98328],[-114.00752,50.98328],[-114.00723,50.98328],[-114.00612,50.98328],[-114.00579,50.98327],[-114.00469,50.98327],[-114.00433,50.98327],[-114.00325,50.98328],[-114.00297,50.98327],[-114.00186,50.98327],[-114.00153,50.98327],[-114.00113,50.98327],[-114.00079,50.98327],[-114.00043,50.98327],[-114.00005,50.98327],[-113.99905,50.98328],[-113.99903,50.98317],[-113.99892,50.98311],[-113.99891,50.98285],[-113.99895,50.98277],[-113.99895,50.9824],[-113.99891,50.98232],[-113.9989,50.98195],[-113.99889,50.98152],[-113.99891,50.98105],[-113.99892,50.98097],[-113.99891,50.98093],[-113.99893,50.98089],[-113.99896,50.9808],[-113.99898,50.98074],[-113.99901,50.98065],[-113.99904,50.98055],[-113.99906,50.98045],[-113.99907,50.98038],[-113.99908,50.9803],[-113.99909,50.98024],[-113.9991,50.98011],[-113.99911,50.98],[-113.99912,50.97997],[-113.99915,50.97991],[-113.99917,50.97986],[-113.9992,50.9798],[-113.99923,50.97974],[-113.99925,50.9797]]}},{"type":"Feature","properties":{"status":"closed","calgary_temporal_status":"CURRENT","start_date":"2026-01-16","end_date":"2026-10-15","detour_note":"OGDEN RD & MILLICAN RD SE \u2014 Closed for Green Line construction. Please use the temporary pathway detour."},"geometry":{"type":"MultiLineString","coordinates":[[[-114.01091,50.99899],[-114.0107,50.99909]],[[-114.0107,50.99909],[-114.0106,50.99915]],[[-114.0106,50.99915],[-114.0099,50.99949],[-114.00988,50.9995],[-114.00987,50.9995]],[[-114.01112,51.00076],[-114.01086,51.00049],[-114.01061,51.00024],[-114.01043,51.00005],[-114.01017,50.99979],[-114.01009,50.9997],[-114.01002,50.99965],[-114.01011,50.99963],[-114.01022,50.99957],[-114.01037,50.99949],[-114.01049,50.99943],[-114.0112,50.99907]],[[-114.01017,50.99979],[-114.01022,50.99957]],[[-114.0112,51.00085],[-114.0115,51.00116],[-114.01164,51.00134],[-114.01179,51.00153],[-114.01186,51.00162],[-114.0119,51.00169],[-114.0121,51.00203],[-114.01221,51.00227],[-114.0123,51.00245]],[[-114.0112,51.00085],[-114.01112,51.00076]]]}},{"type":"Feature","properties":{"status":"detour","calgary_temporal_status":"CURRENT","start_date":"2026-01-16","end_date":"2026-10-15","detour_note":"OGDEN RD & MILLICAN RD SE"},"geometry":{"type":"MultiLineString","coordinates":[[[-114.01166,50.99886],[-114.01147,50.9987],[-114.01134,50.99877],[-114.01126,50.99881]],[[-114.01126,50.99881],[-114.01126,50.99881],[-114.01091,50.99899]],[[-114.0123,51.00245],[-114.01242,51.0023],[-114.01244,51.00226],[-114.01243,51.00216],[-114.01238,51.00201],[-114.01191,51.00131],[-114.01164,51.00101],[-114.01093,51.00023],[-114.01091,51.00013],[-114.01094,51.00008],[-114.01229,50.99944],[-114.01232,50.99941],[-114.01234,50.99938],[-114.01235,50.99935],[-114.01231,50.9993],[-114.01175,50.99886],[-114.01169,50.99886],[-114.01166,50.99886],[-114.01161,50.99886],[-114.0112,50.99907]]]}},{"type":"Feature","properties":{"status":"closed","calgary_temporal_status":"CURRENT","start_date":"2026-07-02","detour_note":"BOWMONT ISLAND PATHWAY \u2014 Closed due to flooding. Please use alternative routes."},"geometry":{"type":"LineString","coordinates":[[-114.2028,51.09842],[-114.20282,51.09842],[-114.20294,51.09846],[-114.20299,51.09848],[-114.20302,51.0985],[-114.20306,51.09854],[-114.20315,51.09863],[-114.20322,51.09872],[-114.20324,51.09885],[-114.20325,51.0989],[-114.20326,51.09895],[-114.20328,51.09901],[-114.20334,51.09905],[-114.2034,51.09908],[-114.20349,51.09912],[-114.20354,51.09917],[-114.20355,51.0992],[-114.20355,51.09922],[-114.20354,51.09929],[-114.20353,51.09946],[-114.20352,51.09954]]}},{"type":"Feature","properties":{"status":"closed","calgary_temporal_status":"CURRENT","start_date":"2026-07-06","end_date":"2026-10-15","detour_note":"SIGNAL HILL - SIGNATURE PT TO SIGNATURE HT SW \u2014 Closed for playground installation and pathway rehabilitation. Please use the provided detour"},"geometry":{"type":"LineString","coordinates":[[-114.17723,51.03226],[-114.17723,51.03237],[-114.17725,51.03239],[-114.17727,51.03241],[-114.17729,51.03243],[-114.17732,51.03253],[-114.17731,51.03258],[-114.17731,51.0326],[-114.17729,51.03265],[-114.17727,51.03269],[-114.17725,51.03273],[-114.17724,51.03278],[-114.17723,51.03283],[-114.17725,51.03296],[-114.17723,51.03306],[-114.17719,51.03312],[-114.17719,51.03313],[-114.17717,51.03318],[-114.17717,51.03318],[-114.17714,51.03323],[-114.17712,51.03331],[-114.17712,51.03338],[-114.17711,51.0334],[-114.17711,51.03343],[-114.17714,51.03345],[-114.17714,51.03345],[-114.17717,51.03347],[-114.17719,51.03351],[-114.17721,51.03355],[-114.17721,51.03357],[-114.1772,51.03359],[-114.17718,51.03362],[-114.17715,51.03365],[-114.17714,51.03366],[-114.17715,51.03369],[-114.17716,51.03373],[-114.17716,51.03375],[-114.17716,51.03375],[-114.17718,51.0338],[-114.1772,51.03385],[-114.17722,51.0339],[-114.17723,51.03392],[-114.17725,51.03397],[-114.17725,51.03402],[-114.17724,51.03405],[-114.17724,51.03406],[-114.17723,51.03409],[-114.17726,51.03417],[-114.17728,51.03421],[-114.17729,51.03423],[-114.17731,51.03425],[-114.17735,51.0343],[-114.17737,51.03435],[-114.17738,51.0344],[-114.17738,51.03444],[-114.17737,51.03447],[-114.17734,51.03452],[-114.17726,51.03459],[-114.17726,51.03461]]}},{"type":"Feature","properties":{"status":"detour","calgary_temporal_status":"CURRENT","start_date":"2026-07-06","end_date":"2026-10-15","detour_note":"SIGNAL HILL - SIGNATURE PT TO SIGNATURE HT SW"},"geometry":{"type":"LineString","coordinates":[[-114.17726,51.03461],[-114.17767,51.03462],[-114.17789,51.03461],[-114.17797,51.0346],[-114.17802,51.03456],[-114.17804,51.03447],[-114.17815,51.03397],[-114.17817,51.03384],[-114.17815,51.03372],[-114.17811,51.03358],[-114.17804,51.03335],[-114.178,51.03318],[-114.17796,51.03309],[-114.17795,51.03294],[-114.17796,51.03257],[-114.17796,51.03236],[-114.17792,51.03229],[-114.17787,51.03226],[-114.17776,51.03225],[-114.17723,51.03226]]}},{"type":"Feature","properties":{"status":"closed","calgary_temporal_status":"CURRENT","start_date":"2026-07-22","end_date":"2027-10-14","detour_note":"BOW RIVER PATHWAY - BRIDGELAND LRT TO ZOO ROAD NE \u2014 Closed for Bridgeland-Riverside Multimodal Pedestrian Bridge Stage 1 construction. Please use the pathway detour through St. Patricks' Island, or the pedestrian detour through Bridgeland via the 12 St NE bridge."},"geometry":{"type":"LineString","coordinates":[[-114.04013,51.04856],[-114.03991,51.04852],[-114.03988,51.04851],[-114.03985,51.0485],[-114.0398,51.0485],[-114.03976,51.04849],[-114.03972,51.04848],[-114.03968,51.04848],[-114.03963,51.04847],[-114.03958,51.04846],[-114.03953,51.04845],[-114.03948,51.04844],[-114.03944,51.04843],[-114.0394,51.04842],[-114.03936,51.04841],[-114.03932,51.0484],[-114.03929,51.0484],[-114.03925,51.04839],[-114.03921,51.04837],[-114.03918,51.04836],[-114.03914,51.04835],[-114.0391,51.04834],[-114.03907,51.04832],[-114.03903,51.04831],[-114.03899,51.0483],[-114.03896,51.04829],[-114.03892,51.04827],[-114.03888,51.04826],[-114.03885,51.04825],[-114.03881,51.04824],[-114.03878,51.04822],[-114.03874,51.04821],[-114.0387,51.0482],[-114.03866,51.04818],[-114.03862,51.04817],[-114.03858,51.04816],[-114.03857,51.04815],[-114.03854,51.04814],[-114.03851,51.04813],[-114.03846,51.04812],[-114.03843,51.0481],[-114.03839,51.04809],[-114.03835,51.04808],[-114.03831,51.04806],[-114.03826,51.04805],[-114.03822,51.04803],[-114.03817,51.04802],[-114.03813,51.048],[-114.03809,51.04799],[-114.03804,51.04797],[-114.038,51.04796],[-114.03796,51.04794],[-114.03793,51.04793],[-114.03789,51.04792],[-114.03785,51.0479],[-114.0378,51.04789],[-114.03776,51.04788],[-114.03772,51.04787],[-114.03768,51.04785],[-114.03764,51.04784],[-114.03759,51.04783],[-114.03755,51.04782],[-114.03751,51.04781],[-114.03748,51.0478],[-114.03744,51.04779],[-114.03741,51.04778],[-114.03737,51.04777],[-114.03733,51.04775],[-114.0373,51.04775],[-114.03726,51.04774],[-114.03721,51.04772],[-114.03717,51.04771],[-114.03711,51.0477],[-114.03706,51.04769],[-114.03706,51.04769]]}},{"type":"Feature","properties":{"status":"detour","calgary_temporal_status":"CURRENT","start_date":"2026-07-22","end_date":"2027-10-14","detour_note":"BOW RIVER PATHWAY - BRIDGELAND LRT TO ZOO ROAD NE"},"geometry":{"type":"LineString","coordinates":[[-114.04013,51.04856],[-114.04019,51.04857],[-114.0404,51.04862],[-114.04047,51.04864],[-114.04058,51.04872],[-114.04063,51.04874],[-114.04068,51.04876],[-114.04078,51.04879],[-114.04096,51.04883],[-114.0411,51.04884],[-114.04132,51.04886],[-114.04158,51.04886],[-114.04178,51.04887],[-114.04211,51.04887],[-114.04243,51.04887],[-114.04245,51.04887],[-114.04283,51.04887],[-114.04335,51.04887],[-114.04376,51.04887],[-114.04399,51.04887],[-114.04414,51.04888],[-114.04437,51.04891],[-114.04451,51.04894],[-114.04462,51.04893],[-114.04476,51.04893],[-114.04488,51.04893],[-114.04506,51.04892],[-114.04524,51.04893],[-114.04541,51.04894],[-114.04579,51.04899],[-114.04603,51.04903],[-114.0463,51.04909],[-114.04637,51.0491],[-114.0464,51.04905],[-114.04672,51.04853],[-114.04676,51.04846],[-114.0457,51.04833],[-114.04568,51.04833],[-114.04564,51.04832],[-114.04551,51.04831],[-114.04534,51.0483],[-114.04557,51.04823],[-114.04572,51.04819],[-114.04576,51.04817],[-114.04578,51.0481],[-114.04578,51.04801],[-114.04576,51.04799],[-114.04574,51.04795],[-114.04573,51.04795],[-114.04565,51.04787],[-114.04558,51.04779],[-114.04556,51.04777],[-114.04553,51.04776],[-114.04546,51.04774],[-114.04539,51.04771],[-114.04539,51.04771],[-114.04528,51.04768],[-114.04514,51.04763],[-114.04508,51.04761],[-114.04506,51.0476],[-114.04495,51.04757],[-114.04485,51.04753],[-114.04481,51.04752],[-114.04471,51.04749],[-114.04463,51.04747],[-114.04454,51.04746],[-114.04444,51.04746],[-114.0444,51.04746],[-114.04433,51.04746],[-114.04421,51.04747],[-114.04414,51.04748],[-114.04399,51.04746],[-114.04387,51.0474],[-114.04377,51.04736],[-114.04366,51.04734],[-114.04358,51.04732],[-114.04349,51.04731],[-114.0434,51.0473],[-114.04332,51.04731],[-114.0431,51.04728],[-114.04286,51.04724],[-114.04274,51.04723],[-114.04246,51.04715],[-114.04239,51.04713],[-114.04226,51.04711],[-114.04219,51.0471],[-114.04211,51.0471],[-114.04195,51.04708],[-114.04178,51.04708],[-114.04167,51.04708],[-114.04161,51.04708],[-114.04153,51.04709],[-114.04145,51.04711],[-114.04139,51.04712],[-114.04128,51.04716],[-114.04114,51.04722],[-114.04095,51.0473],[-114.0409,51.04733],[-114.04085,51.04737],[-114.04073,51.04738],[-114.04048,51.04745],[-114.04015,51.04755],[-114.03997,51.0476],[-114.03982,51.04762],[-114.03965,51.04762],[-114.03949,51.04761],[-114.03936,51.04759],[-114.0392,51.04755],[-114.03899,51.04748],[-114.03878,51.04738],[-114.03873,51.04736],[-114.03862,51.04731],[-114.03849,51.04725],[-114.03824,51.04714],[-114.03813,51.04708],[-114.03803,51.04705],[-114.03781,51.04698],[-114.03771,51.04689],[-114.03767,51.04684],[-114.03763,51.04678],[-114.03747,51.04672],[-114.03727,51.04658],[-114.03715,51.04646],[-114.03712,51.04643],[-114.03711,51.04639],[-114.03713,51.04634],[-114.03664,51.04628],[-114.03661,51.04637],[-114.03657,51.0464],[-114.0365,51.04641],[-114.03652,51.04645],[-114.03654,51.04652],[-114.03655,51.04658],[-114.03654,51.04665],[-114.03652,51.0467],[-114.0365,51.04675],[-114.03628,51.04755],[-114.0363,51.0476],[-114.03637,51.0476],[-114.0364,51.0476],[-114.03644,51.04761],[-114.03654,51.04761],[-114.03659,51.04762],[-114.03664,51.04762],[-114.03669,51.04763],[-114.03674,51.04763],[-114.03679,51.04764],[-114.03684,51.04764],[-114.03693,51.04766],[-114.03702,51.04768],[-114.03706,51.04769]]}},{"type":"Feature","properties":{"status":"closed","calgary_temporal_status":"CURRENT","start_date":"2026-07-22","end_date":"2027-10-14","detour_note":"BOW RIVER PATHWAY - GEORGE C. KING BRIDGE TO LRT \u2014 Pedestrian pathway closed for Bridgeland-Riverside Multimodal Pedestrian Bridge Stage 1 construction. Please share the wheeling pathway."},"geometry":{"type":"LineString","coordinates":[[-114.0464,51.04905],[-114.04634,51.04904],[-114.04606,51.04899],[-114.04578,51.04895],[-114.04563,51.04893],[-114.04545,51.04891],[-114.04522,51.04889],[-114.04498,51.04886],[-114.04481,51.04885],[-114.04472,51.04884],[-114.04446,51.04883],[-114.04426,51.04882],[-114.04416,51.04881],[-114.04415,51.04881],[-114.04402,51.0488],[-114.04384,51.04878],[-114.04384,51.04878],[-114.04379,51.04877],[-114.04374,51.04877],[-114.04371,51.04876],[-114.0437,51.04875],[-114.04368,51.04875],[-114.04368,51.04875],[-114.04356,51.04871],[-114.04341,51.04867],[-114.04336,51.04867],[-114.04329,51.04866],[-114.04323,51.04866],[-114.04316,51.04866],[-114.043,51.04867],[-114.04272,51.04869],[-114.04262,51.0487],[-114.04241,51.04871],[-114.04235,51.04872],[-114.04212,51.04875],[-114.04202,51.04877],[-114.04192,51.04877],[-114.04155,51.04876],[-114.04152,51.04877],[-114.04148,51.04877],[-114.04121,51.04878],[-114.04114,51.04879],[-114.04108,51.04878],[-114.04104,51.04878],[-114.04095,51.04877],[-114.04085,51.04876],[-114.04079,51.04874],[-114.04072,51.04872],[-114.04063,51.04868],[-114.04059,51.04867],[-114.04054,51.04866],[-114.04047,51.04864]]}},{"type":"Feature","properties":{"status":"detour","calgary_temporal_status":"CURRENT","start_date":"2026-07-22","end_date":"2027-10-14","detour_note":"BOW RIVER PATHWAY - BRIDGELAND LRT TO ZOO ROAD NE"},"geometry":{"type":"LineString","coordinates":[[-114.03706,51.04769],[-114.03706,51.04769],[-114.03696,51.04765],[-114.03686,51.04762],[-114.03683,51.04761],[-114.03674,51.04758],[-114.03664,51.04754],[-114.03658,51.04752],[-114.03647,51.04749],[-114.03638,51.04748],[-114.0363,51.04747],[-114.03624,51.04746],[-114.03617,51.04745],[-114.03615,51.04744],[-114.03597,51.04742],[-114.03579,51.0474],[-114.0357,51.0474],[-114.0356,51.04741],[-114.03552,51.04741],[-114.03542,51.04742],[-114.0353,51.04743],[-114.03519,51.04745],[-114.03509,51.04745],[-114.03505,51.04747],[-114.03484,51.04745],[-114.03474,51.04744],[-114.03471,51.04749],[-114.03468,51.0475],[-114.03463,51.04751],[-114.03455,51.04751],[-114.03444,51.0475],[-114.03407,51.04748],[-114.03386,51.04746],[-114.03362,51.04744],[-114.03331,51.04742],[-114.03309,51.04741],[-114.03295,51.04741],[-114.03283,51.0474],[-114.0326,51.0474],[-114.03239,51.04741],[-114.03232,51.04741],[-114.03223,51.04741],[-114.03216,51.04741],[-114.03218,51.04749],[-114.03216,51.04751],[-114.03212,51.04752],[-114.03208,51.04753],[-114.03208,51.04755],[-114.03206,51.04766],[-114.03206,51.04773],[-114.03206,51.04785],[-114.03206,51.04791],[-114.03206,51.04801],[-114.03206,51.04808],[-114.03208,51.04817],[-114.03208,51.04831],[-114.03218,51.04837],[-114.03216,51.04839],[-114.03214,51.04842],[-114.03213,51.04844],[-114.03211,51.04848],[-114.0321,51.04853],[-114.03209,51.04858],[-114.03209,51.04862],[-114.03209,51.04864],[-114.03215,51.04886],[-114.03217,51.04892],[-114.03221,51.04888],[-114.03238,51.04855],[-114.03241,51.04853],[-114.03241,51.04847],[-114.03243,51.04845],[-114.03246,51.04844],[-114.03264,51.04844],[-114.03289,51.04841],[-114.03332,51.04833],[-114.03366,51.04826],[-114.03401,51.0482],[-114.03461,51.04812],[-114.03471,51.04811],[-114.03485,51.0481],[-114.03497,51.0481],[-114.03508,51.0481],[-114.0355,51.04814],[-114.03646,51.04821],[-114.03651,51.04822],[-114.03656,51.04822],[-114.03664,51.04822],[-114.03671,51.04823],[-114.03721,51.04834],[-114.03747,51.0484],[-114.03818,51.04871],[-114.03841,51.04881],[-114.03865,51.04891],[-114.03889,51.049],[-114.03913,51.04908],[-114.03919,51.0491],[-114.03922,51.04912],[-114.03925,51.04913],[-114.03929,51.04916],[-114.03931,51.04919],[-114.03933,51.04923],[-114.03935,51.04928],[-114.03941,51.04931],[-114.03969,51.04941],[-114.03994,51.04941],[-114.03994,51.04937],[-114.0398,51.04937],[-114.03951,51.04928],[-114.03954,51.04925],[-114.03983,51.04934],[-114.03985,51.04933],[-114.03986,51.04932],[-114.03986,51.04931],[-114.03956,51.04922],[-114.0396,51.04919],[-114.03963,51.04915],[-114.03969,51.04908],[-114.03969,51.04908],[-114.03973,51.04902],[-114.03973,51.04901],[-114.03974,51.04899],[-114.03978,51.04889],[-114.03979,51.04887],[-114.03979,51.04886],[-114.03984,51.04876],[-114.03989,51.04864],[-114.03991,51.0486],[-114.03992,51.04857],[-114.03992,51.04856],[-114.04003,51.04856],[-114.04006,51.04857],[-114.04007,51.04858],[-114.04007,51.04859],[-114.04007,51.04861],[-114.04006,51.04863],[-114.04004,51.04864],[-114.04003,51.04865],[-114.04001,51.04865],[-114.03997,51.04865],[-114.03995,51.04864],[-114.03993,51.04863],[-114.03992,51.04861],[-114.03992,51.0486],[-114.03993,51.04858],[-114.03995,51.04856],[-114.03995,51.04856],[-114.03999,51.04855],[-114.04004,51.04855],[-114.04013,51.04856]]}},{"type":"Feature","properties":{"status":"closed","calgary_temporal_status":"FUTURE","start_date":"2026-08-10","end_date":"2026-08-11","detour_note":"RIVERBEND - 24 ST & GLENMORE TR SE"},"geometry":{"type":"LineString","coordinates":[[-113.99924,50.97766],[-113.99924,50.97766],[-113.99924,50.97762],[-113.99926,50.9775],[-113.99927,50.97743]]}},{"type":"Feature","properties":{"status":"detour","calgary_temporal_status":"FUTURE","start_date":"2026-08-10","end_date":"2026-08-11","detour_note":"RIVERBEND - 24 ST & GLENMORE TR SE"},"geometry":{"type":"LineString","coordinates":[[-113.99924,50.97766],[-113.99923,50.97773],[-113.99922,50.97778],[-113.99921,50.97797],[-113.99921,50.97799],[-113.99921,50.978],[-113.9992,50.97815],[-113.99921,50.97825],[-113.99922,50.97833],[-113.99925,50.97838],[-113.99931,50.97844],[-113.99918,50.97854],[-113.99892,50.97853],[-113.99855,50.97853],[-113.99841,50.97843],[-113.99844,50.97842],[-113.99847,50.97838],[-113.99852,50.97832],[-113.99856,50.97824],[-113.99858,50.97818],[-113.99859,50.97816],[-113.9986,50.97809],[-113.99863,50.9779],[-113.99865,50.9777],[-113.99865,50.97769],[-113.99865,50.97765],[-113.99865,50.97764],[-113.99866,50.97758],[-113.99866,50.97756],[-113.99866,50.97745],[-113.99869,50.97737],[-113.99874,50.97722],[-113.99891,50.97685],[-113.99892,50.97684],[-113.99897,50.97678],[-113.99898,50.97675],[-113.99898,50.97672],[-113.99897,50.97668],[-113.99903,50.97668],[-113.99913,50.9767],[-113.99939,50.97676],[-113.99954,50.97682],[-113.99947,50.97691],[-113.99944,50.97694],[-113.99943,50.97696],[-113.99939,50.97702],[-113.99934,50.9771],[-113.99932,50.97717],[-113.99932,50.97719],[-113.99929,50.97731],[-113.99927,50.97743]]}},{"type":"Feature","properties":{"status":"closed","calgary_temporal_status":"CURRENT","start_date":"2026-07-16","end_date":"2026-10-02","detour_note":"BOW RIVER PATHWAY - 5 AV TO GEORGE C. KING BRIDGE \u2014 Wheeling pathway closed for 5th Av Flyover Merge Extension project. Please share the pedestrian pathway."},"geometry":{"type":"MultiLineString","coordinates":[[[-114.04451,51.04894],[-114.04473,51.04898],[-114.04496,51.04903],[-114.04519,51.04906],[-114.04551,51.0491],[-114.04553,51.0491],[-114.04576,51.04913],[-114.04592,51.04915],[-114.04625,51.04918],[-114.04645,51.0492],[-114.04655,51.04922],[-114.04666,51.04925],[-114.04675,51.04927]],[[-114.04675,51.04927],[-114.04671,51.04923],[-114.04665,51.0492],[-114.04657,51.04916],[-114.04649,51.04913],[-114.04644,51.04912],[-114.04637,51.0491]],[[-114.04675,51.04927],[-114.04683,51.04929],[-114.04699,51.04933],[-114.04711,51.04936],[-114.04756,51.04945],[-114.04767,51.04948],[-114.04776,51.0495],[-114.04785,51.04951],[-114.0479,51.04952],[-114.04802,51.04951],[-114.04817,51.04951],[-114.04827,51.04951],[-114.04832,51.04953],[-114.04852,51.04958],[-114.04857,51.04959],[-114.04883,51.04965],[-114.04907,51.0497],[-114.04921,51.04974],[-114.04932,51.04976],[-114.04961,51.04983],[-114.04969,51.04984],[-114.04978,51.04986],[-114.04987,51.04986],[-114.04995,51.04986],[-114.05001,51.04985],[-114.05006,51.04985],[-114.05014,51.04986]]]}},{"type":"Feature","properties":{"status":"detour","calgary_temporal_status":"CURRENT","start_date":"2026-07-16","end_date":"2026-10-02","detour_note":"BOW RIVER PATHWAY - 5 AV TO GEORGE C. KING BRIDGE"},"geometry":{"type":"LineString","coordinates":[[-114.05014,51.04986],[-114.05,51.04983],[-114.04984,51.04979],[-114.04968,51.04975],[-114.04954,51.04972],[-114.04952,51.04972],[-114.04933,51.04966],[-114.04931,51.04965],[-114.04917,51.04962],[-114.04901,51.04958],[-114.0488,51.04954],[-114.04862,51.0495],[-114.0486,51.0495],[-114.04827,51.04944],[-114.04812,51.04941],[-114.04792,51.04937],[-114.04764,51.04931],[-114.04713,51.04921],[-114.04707,51.04919],[-114.04699,51.04917],[-114.0467,51.0491],[-114.04653,51.04906],[-114.04647,51.04905],[-114.0464,51.04905],[-114.04637,51.0491]]}},{"type":"Feature","properties":{"status":"closed","calgary_temporal_status":"CURRENT","start_date":"2026-07-16","end_date":"2026-10-09","detour_note":"PATTERSON - PATINA DR SW \u2014 Closed due to feedermain drain leak. Please use provided detour."},"geometry":{"type":"LineString","coordinates":[[-114.16731,51.05468],[-114.16732,51.05471],[-114.16732,51.05473],[-114.16734,51.05486],[-114.16735,51.05495],[-114.16736,51.05504],[-114.16737,51.05508],[-114.16737,51.0551],[-114.16736,51.05522],[-114.16736,51.05522],[-114.16736,51.05525],[-114.16735,51.05537],[-114.16735,51.05539],[-114.16734,51.05559],[-114.16733,51.05565],[-114.16732,51.05578],[-114.16732,51.05578],[-114.16728,51.05583],[-114.16719,51.05587],[-114.16713,51.0559],[-114.1671,51.05591],[-114.16707,51.05592],[-114.16701,51.05596],[-114.16699,51.05598],[-114.16698,51.056],[-114.16696,51.05604]]}},{"type":"Feature","properties":{"status":"detour","calgary_temporal_status":"CURRENT","start_date":"2026-07-16","end_date":"2026-10-09","detour_note":"PATTERSON - PATINA DR SW"},"geometry":{"type":"LineString","coordinates":[[-114.16731,51.05468],[-114.16738,51.0547],[-114.16746,51.05474],[-114.16749,51.05474],[-114.16752,51.05475],[-114.16755,51.05474],[-114.16756,51.05472],[-114.16757,51.05469],[-114.16757,51.05465],[-114.16758,51.05463],[-114.16757,51.05457],[-114.16757,51.05453],[-114.16756,51.0545],[-114.16756,51.05446],[-114.16757,51.05442],[-114.16758,51.05441],[-114.1676,51.0544],[-114.16763,51.0544],[-114.16763,51.0544],[-114.16766,51.05441],[-114.16769,51.05443],[-114.16787,51.05456],[-114.16793,51.0546],[-114.16796,51.05461],[-114.16798,51.05461],[-114.16801,51.05461],[-114.16801,51.05461],[-114.16803,51.05461],[-114.16806,51.05461],[-114.16807,51.0546],[-114.16809,51.05459],[-114.16809,51.05459],[-114.1681,51.05458],[-114.16811,51.05456],[-114.16811,51.05455],[-114.16812,51.05453],[-114.16812,51.05437],[-114.16812,51.05434],[-114.16813,51.05432],[-114.16815,51.0543],[-114.16817,51.05429],[-114.1682,51.05428],[-114.16822,51.05428],[-114.16825,51.05428],[-114.16829,51.05428],[-114.1683,51.05429],[-114.16834,51.0543],[-114.16839,51.05432],[-114.16848,51.05435],[-114.16854,51.05438],[-114.16859,51.0544],[-114.16861,51.05441],[-114.16863,51.05443],[-114.16866,51.05445],[-114.16869,51.05448],[-114.1687,51.05449],[-114.16871,51.05452],[-114.16873,51.05456],[-114.16874,51.05459],[-114.16885,51.05487],[-114.16884,51.05491],[-114.16899,51.05513],[-114.16906,51.05519],[-114.16916,51.05525],[-114.16919,51.05527],[-114.16942,51.05538],[-114.16961,51.05546],[-114.16974,51.0555],[-114.16973,51.05551],[-114.16971,51.05553],[-114.16966,51.05558],[-114.16964,51.05561],[-114.16961,51.05563],[-114.1696,51.05565],[-114.16959,51.05567],[-114.16957,51.05569],[-114.16956,51.05571],[-114.16955,51.05573],[-114.16953,51.05575],[-114.16952,51.05576],[-114.16951,51.05577],[-114.16948,51.0558],[-114.16945,51.05584],[-114.16922,51.05608],[-114.16913,51.05618],[-114.16901,51.05632],[-114.16899,51.05633],[-114.16897,51.05634],[-114.16896,51.05635],[-114.16894,51.05635],[-114.1689,51.05636],[-114.16889,51.05636],[-114.16886,51.05637],[-114.1688,51.05636],[-114.16871,51.05634],[-114.1687,51.05633],[-114.16845,51.05624],[-114.16819,51.05616],[-114.16797,51.05608],[-114.16774,51.05603],[-114.16748,51.056],[-114.1673,51.056],[-114.16709,51.05602],[-114.16696,51.05604]]}},{"type":"Feature","properties":{"status":"closed","calgary_temporal_status":"CURRENT","start_date":"2026-07-22","end_date":"2026-12-15","detour_note":"REDSTONE PR NE & RED SKY GR NE \u2014 Closed for construction of park amenities. Pleaseuse the provided detour."},"geometry":{"type":"MultiLineString","coordinates":[[[-113.95865,51.17088],[-113.95938,51.17088],[-113.95945,51.17088]],[[-113.95865,51.17088],[-113.95865,51.17085],[-113.95865,51.17082],[-113.95864,51.17079],[-113.95862,51.17076],[-113.9586,51.17072],[-113.95856,51.17069],[-113.95855,51.17068]],[[-113.95842,51.17089],[-113.95865,51.17088]],[[-113.95861,51.17113],[-113.95859,51.1711],[-113.95858,51.17107],[-113.95858,51.17103],[-113.95861,51.17098],[-113.95864,51.17093],[-113.95865,51.1709],[-113.95865,51.17088]]]}},{"type":"Feature","properties":{"status":"detour","calgary_temporal_status":"CURRENT","start_date":"2026-07-22","end_date":"2026-12-15","detour_note":"REDSTONE PR NE & RED SKY GR NE"},"geometry":{"type":"MultiLineString","coordinates":[[[-113.95861,51.17113],[-113.95857,51.17113],[-113.95852,51.17113],[-113.95838,51.17108],[-113.95835,51.17107]],[[-113.95835,51.17107],[-113.95841,51.17101],[-113.95844,51.17094],[-113.95842,51.17089],[-113.95839,51.17086],[-113.95836,51.17084],[-113.95834,51.17082],[-113.95855,51.17068],[-113.95862,51.17064],[-113.95869,51.1706],[-113.95874,51.17055],[-113.95877,51.1705],[-113.95878,51.17046],[-113.95877,51.1704],[-113.95874,51.17035],[-113.95871,51.1703],[-113.9587,51.17026],[-113.95869,51.17023],[-113.95868,51.17018],[-113.95868,51.17017],[-113.9587,51.17012],[-113.95939,51.17012],[-113.95946,51.17016],[-113.95946,51.17025],[-113.95945,51.17088]]]}},{"type":"Feature","properties":{"status":"closed","calgary_temporal_status":"CURRENT","start_date":"2026-07-24","end_date":"2026-09-18","detour_note":"CITYSCAPE - METIS TR & COUNTRY HILL BV NE \u2014 Pathway replacement. Please use provided detour."},"geometry":{"type":"LineString","coordinates":[[-113.96968,51.15389],[-113.96947,51.15376],[-113.96936,51.15371],[-113.96934,51.1537],[-113.9693,51.15373],[-113.96924,51.15376],[-113.96923,51.15377],[-113.96923,51.15377],[-113.96919,51.15379],[-113.96911,51.15381],[-113.9691,51.15381],[-113.96906,51.15382],[-113.969,51.15383],[-113.96893,51.15385],[-113.96887,51.15386],[-113.96884,51.15386],[-113.96876,51.15387],[-113.96862,51.15388],[-113.96853,51.15388],[-113.96851,51.15388],[-113.96828,51.15388],[-113.96793,51.15388],[-113.96792,51.15388],[-113.96792,51.15388],[-113.96755,51.15388],[-113.96731,51.15388],[-113.96701,51.15388],[-113.96669,51.15388],[-113.96648,51.15388],[-113.96529,51.15388]]}},{"type":"Feature","properties":{"status":"detour","calgary_temporal_status":"CURRENT","start_date":"2026-07-24","end_date":"2026-09-18","detour_note":"CITYSCAPE - METIS TR & COUNTRY HILL BV NE"},"geometry":{"type":"LineString","coordinates":[[-113.96529,51.15388],[-113.96525,51.15388],[-113.96519,51.15388],[-113.96515,51.15388],[-113.96488,51.15388],[-113.96487,51.15388],[-113.96441,51.15388],[-113.96435,51.15388],[-113.96396,51.15388],[-113.96395,51.15388],[-113.96383,51.15388],[-113.96337,51.15389],[-113.96313,51.15389],[-113.9631,51.15389],[-113.96287,51.1539],[-113.96287,51.1539],[-113.96287,51.1539],[-113.96286,51.1539],[-113.96269,51.1539],[-113.96262,51.1539],[-113.96239,51.15391],[-113.96232,51.15391],[-113.96226,51.15391],[-113.96222,51.15391],[-113.96199,51.15392],[-113.96175,51.15393],[-113.96153,51.15394],[-113.96133,51.15395],[-113.96111,51.15396],[-113.9611,51.15396],[-113.96085,51.15397],[-113.96066,51.15398],[-113.96045,51.15399],[-113.96037,51.15399],[-113.96006,51.15401],[-113.95978,51.15402],[-113.95965,51.15402],[-113.95949,51.15403],[-113.95948,51.15403],[-113.95929,51.15404],[-113.95928,51.15405],[-113.95912,51.15406],[-113.95905,51.15405],[-113.95896,51.15405],[-113.95887,51.15405],[-113.9588,51.15404],[-113.95871,51.15403],[-113.95868,51.15402],[-113.95859,51.1541],[-113.95861,51.15451],[-113.95907,51.15449],[-113.96134,51.15439],[-113.96185,51.15437],[-113.96244,51.15435],[-113.96271,51.15434],[-113.96274,51.15434],[-113.96307,51.15433],[-113.96347,51.15433],[-113.96394,51.15432],[-113.96425,51.15432],[-113.96486,51.15432],[-113.96567,51.15432],[-113.9669,51.15432],[-113.96822,51.15432],[-113.96869,51.15433],[-113.96882,51.15433],[-113.96896,51.15435],[-113.96906,51.15437],[-113.96916,51.1544],[-113.96922,51.15442],[-113.96926,51.15439],[-113.96934,51.15431],[-113.96936,51.1543],[-113.96969,51.1543],[-113.96968,51.15389]]}},{"type":"Feature","properties":{"status":"detour","calgary_temporal_status":"CURRENT","start_date":"2026-08-08","end_date":"2026-10-15","detour_note":"BOW RIVER PATHWAY - 9 ST NW TO PEACE BRIDGE \u2014 Walking Detour"},"geometry":{"type":"LineString","coordinates":[[-114.08127,51.05382],[-114.08047,51.05429],[-114.07983,51.05469],[-114.07881,51.05529],[-114.07788,51.05585],[-114.07764,51.05568],[-114.0776,51.05565],[-114.07763,51.05563],[-114.07771,51.05557],[-114.07775,51.05555],[-114.07777,51.05553],[-114.07778,51.05547],[-114.07783,51.05536],[-114.07787,51.05527],[-114.07789,51.0552],[-114.0779,51.0552],[-114.07813,51.05509],[-114.07827,51.05502],[-114.07833,51.05499],[-114.07853,51.05489],[-114.07867,51.05483],[-114.07879,51.05477],[-114.07893,51.05471],[-114.07917,51.05459],[-114.07936,51.05448],[-114.0794,51.05445],[-114.07955,51.05436]]}},{"type":"Feature","properties":{"status":"detour","calgary_temporal_status":"CURRENT","start_date":"2026-08-08","end_date":"2026-10-15","detour_note":"BOW RIVER PATHWAY - 9 ST NW TO PEACE BRIDGE \u2014 Wheeling Detour"},"geometry":{"type":"LineString","coordinates":[[-114.0796,51.0544],[-114.07948,51.05447],[-114.0793,51.05458],[-114.07924,51.05463],[-114.07904,51.05474],[-114.07899,51.05478],[-114.07889,51.05483],[-114.07887,51.05485],[-114.0787,51.05497],[-114.07863,51.05502],[-114.07854,51.05506],[-114.07849,51.05509],[-114.0784,51.05513],[-114.07828,51.0552],[-114.0781,51.05532],[-114.078,51.05539],[-114.07784,51.05549],[-114.07777,51.05553],[-114.07775,51.05555],[-114.07763,51.05563],[-114.0776,51.05565],[-114.07788,51.05585]]}},{"type":"Feature","properties":{"status":"closed","calgary_temporal_status":"FUTURE","detour_note":"10 ST NW & 9A ST NW \u2014 Closed for curb ramp installation. Please use caution on back lane detour."},"geometry":{"type":"LineString","coordinates":[[-114.0853,51.05959],[-114.08545,51.0596],[-114.08566,51.0596],[-114.08586,51.0596]]}},{"type":"Feature","properties":{"status":"detour","calgary_temporal_status":"FUTURE","detour_note":"10 ST NW & 9A ST NW"},"geometry":{"type":"LineString","coordinates":[[-114.08531,51.05959],[-114.08532,51.05953],[-114.0853,51.0595],[-114.08527,51.05843],[-114.08573,51.05843],[-114.08578,51.05843],[-114.08583,51.05844],[-114.08584,51.05847],[-114.08585,51.05854],[-114.08586,51.0596]]}},{"type":"Feature","properties":{"status":"closed","calgary_temporal_status":"CURRENT","start_date":"2026-08-19","detour_note":"DEANE HOUSE - 8 ST SE \u2014 Pathway closed as a precautionary measure to support public safety. Conditions are being assessed and monitored. Please follow posted detour routes."},"geometry":{"type":"LineString","coordinates":[[-114.04208,51.04369],[-114.04224,51.04373],[-114.04219,51.04381],[-114.04216,51.04385],[-114.04212,51.0439],[-114.04206,51.04394],[-114.042,51.04398],[-114.04195,51.04401],[-114.0419,51.04404],[-114.04186,51.04408],[-114.04181,51.04414],[-114.04179,51.04416],[-114.04174,51.0442],[-114.04168,51.04424],[-114.04147,51.04436]]}},{"type":"Feature","properties":{"status":"detour","calgary_temporal_status":"CURRENT","start_date":"2026-08-19","detour_note":"DEANE HOUSE - 8 ST SE"},"geometry":{"type":"LineString","coordinates":[[-114.04147,51.04436],[-114.04145,51.0444],[-114.04144,51.04443],[-114.04131,51.04438],[-114.04127,51.04437],[-114.04105,51.04429],[-114.04114,51.04413],[-114.04155,51.04345],[-114.04155,51.04344],[-114.04216,51.04358],[-114.04208,51.04369]]}},{"type":"Feature","properties":{"status":"closed","calgary_temporal_status":"CURRENT","start_date":"2026-08-25","end_date":"2026-10-25","detour_note":"24 ST SW PATHWAY & QUARRY ROAD TRAIL \u2014 Closed for Enmax utility pole replacement. Please use the provided detour."},"geometry":{"type":"MultiLineString","coordinates":[[[-114.11798,51.04674],[-114.11797,51.04672],[-114.11796,51.04665],[-114.11796,51.04659],[-114.11797,51.04654],[-114.11797,51.04651],[-114.11797,51.04647],[-114.11798,51.04639],[-114.11798,51.04629],[-114.11794,51.0462],[-114.11789,51.04615],[-114.11787,51.04612],[-114.11777,51.04603],[-114.1177,51.04596],[-114.11767,51.04593],[-114.11758,51.04584],[-114.1175,51.04576],[-114.11742,51.0457],[-114.11734,51.04566],[-114.11727,51.04563],[-114.11721,51.04559],[-114.11718,51.04558],[-114.11715,51.04552],[-114.11715,51.04546],[-114.11716,51.0454],[-114.1172,51.04534],[-114.11725,51.04529],[-114.11731,51.04524],[-114.11737,51.04518],[-114.11742,51.04512],[-114.11743,51.04512],[-114.11747,51.04505],[-114.1175,51.04499],[-114.11753,51.04492],[-114.11755,51.04486],[-114.11757,51.04478],[-114.11758,51.04469],[-114.11759,51.04462],[-114.1176,51.04455],[-114.11763,51.04447],[-114.11769,51.04439],[-114.11776,51.04434],[-114.11784,51.04429],[-114.11789,51.04425],[-114.11791,51.04423],[-114.11793,51.0442],[-114.11793,51.04418]],[[-114.11798,51.04674],[-114.11801,51.04675],[-114.11807,51.04674],[-114.11815,51.04672],[-114.11827,51.0467],[-114.11832,51.04669],[-114.11838,51.04668],[-114.11844,51.04668],[-114.1185,51.04668],[-114.11854,51.04669],[-114.11865,51.04671],[-114.11871,51.04674],[-114.11877,51.04676],[-114.11883,51.04679],[-114.11889,51.04681],[-114.11898,51.04685],[-114.11908,51.04689],[-114.11919,51.04693],[-114.11931,51.04697],[-114.11945,51.04702],[-114.11961,51.04707],[-114.11975,51.04712],[-114.11991,51.04717],[-114.12,51.04719],[-114.12011,51.04723],[-114.12017,51.04725],[-114.12024,51.04726],[-114.12042,51.04733],[-114.12058,51.04738],[-114.1207,51.04743],[-114.12084,51.04748],[-114.12097,51.04754],[-114.1211,51.04759],[-114.12125,51.04765],[-114.12135,51.0477],[-114.12146,51.04775],[-114.12154,51.04779],[-114.1216,51.04783],[-114.12168,51.04787],[-114.12174,51.04791],[-114.12181,51.04796],[-114.12188,51.04801],[-114.12198,51.04805],[-114.12208,51.04809],[-114.12217,51.04811],[-114.12222,51.04812],[-114.12226,51.04812],[-114.12233,51.04812],[-114.12248,51.04813],[-114.12253,51.04814],[-114.12256,51.04814],[-114.1226,51.04815],[-114.12263,51.04817],[-114.12266,51.04819],[-114.12269,51.04822],[-114.12271,51.04825],[-114.12274,51.04828],[-114.12278,51.04831],[-114.12283,51.04834],[-114.12288,51.04836],[-114.12292,51.04837],[-114.12298,51.04838],[-114.12303,51.04839],[-114.12308,51.04839],[-114.12312,51.0484],[-114.12318,51.04841],[-114.12323,51.04843],[-114.12329,51.04846],[-114.12334,51.0485],[-114.1234,51.04854],[-114.12345,51.04857],[-114.1235,51.0486],[-114.12354,51.04862],[-114.12358,51.04864],[-114.12362,51.04866],[-114.12368,51.04868],[-114.12373,51.04869],[-114.12379,51.04871],[-114.12385,51.04872],[-114.12391,51.04872],[-114.12398,51.04871],[-114.12404,51.04871],[-114.12409,51.0487],[-114.12415,51.04869],[-114.12421,51.04868],[-114.12426,51.04867],[-114.12431,51.04865],[-114.12437,51.04864],[-114.12445,51.04863],[-114.1245,51.04863],[-114.12456,51.04864],[-114.1246,51.04865],[-114.12464,51.04868],[-114.12468,51.0487],[-114.1247,51.04873],[-114.12471,51.04876],[-114.12473,51.04879],[-114.12475,51.04883],[-114.12476,51.04884],[-114.12479,51.04886],[-114.12483,51.04888],[-114.12488,51.0489],[-114.125,51.04895],[-114.12508,51.04899],[-114.12514,51.04903],[-114.12522,51.04908],[-114.12534,51.04914],[-114.12545,51.0492],[-114.12553,51.04924],[-114.1256,51.04927],[-114.12568,51.0493],[-114.12577,51.04932],[-114.12592,51.04934],[-114.12598,51.04936],[-114.12604,51.04938],[-114.12608,51.0494],[-114.12617,51.04947],[-114.12624,51.04952],[-114.12637,51.04962],[-114.12642,51.04966],[-114.12647,51.04968],[-114.12652,51.04969],[-114.12658,51.04971],[-114.12664,51.04972],[-114.12679,51.04974],[-114.12684,51.04974],[-114.12691,51.04977],[-114.12702,51.04982],[-114.12715,51.04988],[-114.12728,51.04993],[-114.12734,51.04996],[-114.12739,51.04996],[-114.12742,51.04996]],[[-114.11785,51.04695],[-114.1179,51.04688],[-114.11792,51.04686],[-114.11795,51.04682],[-114.11796,51.04679],[-114.11798,51.04674]]]}},{"type":"Feature","properties":{"status":"detour","calgary_temporal_status":"CURRENT","start_date":"2026-08-25","end_date":"2026-10-25","detour_note":"24 ST SW PATHWAY & QUARRY ROAD TRAIL"},"geometry":{"type":"MultiLineString","coordinates":[[[-114.12224,51.04135],[-114.12224,51.04127],[-114.12224,51.04094],[-114.12224,51.03996],[-114.12224,51.03972],[-114.12224,51.03964],[-114.12074,51.03964],[-114.11925,51.03964],[-114.11804,51.03964],[-114.11793,51.03964],[-114.11793,51.03974],[-114.11762,51.03974],[-114.117,51.03975],[-114.11686,51.03975],[-114.11669,51.03975],[-114.11668,51.0401],[-114.11666,51.04055],[-114.11666,51.04088],[-114.11662,51.04101],[-114.11646,51.04119],[-114.11623,51.04144],[-114.11617,51.04147],[-114.11609,51.0415],[-114.11593,51.04145],[-114.11569,51.04136],[-114.11519,51.04117],[-114.11475,51.041],[-114.11465,51.04094],[-114.11459,51.0409],[-114.11451,51.04091],[-114.11445,51.04092],[-114.11438,51.04092],[-114.11427,51.04093],[-114.11419,51.04093],[-114.11414,51.04092],[-114.1141,51.04092],[-114.11406,51.04091],[-114.114,51.0409],[-114.11398,51.04088],[-114.11394,51.04087],[-114.11391,51.04084],[-114.11386,51.0408],[-114.1138,51.04076],[-114.11375,51.04071],[-114.11369,51.04066],[-114.11365,51.04064],[-114.11359,51.04063],[-114.11356,51.04063],[-114.11354,51.04063],[-114.11352,51.04064],[-114.11346,51.04067],[-114.1134,51.0407],[-114.11333,51.04074],[-114.11328,51.04077],[-114.11322,51.0408],[-114.11311,51.04086],[-114.11299,51.04092],[-114.11292,51.04096],[-114.11284,51.041],[-114.11276,51.04106],[-114.11268,51.04112],[-114.11265,51.04113],[-114.11262,51.04115],[-114.11252,51.04122],[-114.11247,51.04121],[-114.11216,51.04117],[-114.11206,51.04116],[-114.11192,51.04114],[-114.11159,51.04109],[-114.11158,51.04109],[-114.11156,51.0411],[-114.11155,51.04113],[-114.11155,51.04115],[-114.11154,51.04117],[-114.11153,51.04119],[-114.11153,51.04119],[-114.11152,51.04119],[-114.11151,51.04119],[-114.1115,51.04119],[-114.11149,51.04119],[-114.11148,51.04117],[-114.11147,51.04116],[-114.11143,51.04112],[-114.11141,51.04111],[-114.1114,51.0411],[-114.11139,51.04109],[-114.11138,51.04108],[-114.11135,51.04108],[-114.11133,51.04107],[-114.11133,51.04107],[-114.1113,51.04107],[-114.11128,51.04105],[-114.11127,51.04105],[-114.11124,51.04102],[-114.11122,51.04101],[-114.11118,51.04099],[-114.11113,51.04097],[-114.11102,51.04089],[-114.1106,51.04088],[-114.1101,51.04082],[-114.10943,51.04068],[-114.10876,51.04058],[-114.10875,51.04063],[-114.10874,51.04067],[-114.10871,51.0408],[-114.10868,51.04089],[-114.10865,51.04094],[-114.1086,51.04101],[-114.10854,51.04107],[-114.10846,51.04113],[-114.10835,51.0412],[-114.10825,51.04125],[-114.10819,51.04127],[-114.10812,51.04129],[-114.10804,51.0413],[-114.1079,51.04126],[-114.10779,51.04122],[-114.10765,51.04117],[-114.10752,51.04112],[-114.10744,51.04108],[-114.10734,51.04103],[-114.10723,51.04097],[-114.10717,51.04106],[-114.10707,51.04118],[-114.10702,51.04123],[-114.10696,51.04129],[-114.10682,51.04142],[-114.10673,51.04148],[-114.10665,51.04153],[-114.10658,51.04155],[-114.10655,51.04156],[-114.10651,51.04156],[-114.10648,51.04157],[-114.10646,51.04157],[-114.10644,51.04157],[-114.10639,51.04157],[-114.10635,51.04156],[-114.10631,51.04156],[-114.10628,51.04157],[-114.10627,51.04157],[-114.10626,51.04157],[-114.10625,51.04157],[-114.10624,51.04158],[-114.10623,51.04158],[-114.10622,51.04159],[-114.10622,51.04159],[-114.10621,51.04159],[-114.10621,51.0416],[-114.10619,51.04161],[-114.10617,51.04163],[-114.10613,51.04166],[-114.10612,51.04167],[-114.1061,51.04168],[-114.10607,51.04168],[-114.10604,51.04169],[-114.106,51.04169],[-114.10594,51.0417],[-114.10584,51.0417],[-114.10578,51.04169],[-114.10527,51.0416],[-114.10497,51.04181],[-114.10489,51.04187],[-114.10468,51.04203],[-114.10449,51.04217],[-114.10438,51.04225],[-114.10431,51.04226],[-114.10423,51.04259],[-114.10423,51.04262],[-114.10533,51.04265],[-114.10627,51.04268],[-114.10643,51.0427],[-114.10651,51.04273],[-114.10656,51.04277],[-114.10659,51.04281],[-114.10662,51.04286],[-114.10661,51.04303],[-114.10658,51.04345],[-114.10656,51.04376],[-114.10653,51.04416],[-114.10651,51.04441],[-114.1065,51.04459],[-114.1065,51.04462],[-114.10668,51.04463],[-114.10681,51.04463],[-114.1069,51.04464],[-114.10693,51.04465],[-114.10694,51.04465],[-114.10718,51.04465],[-114.10717,51.0447],[-114.10715,51.04481],[-114.10715,51.04483],[-114.10714,51.04484],[-114.10711,51.04495],[-114.1071,51.04496],[-114.1071,51.04499],[-114.10709,51.04509],[-114.10708,51.04512],[-114.10708,51.04521],[-114.10708,51.04521],[-114.10707,51.04526],[-114.10705,51.04543],[-114.10708,51.04546],[-114.10714,51.04546],[-114.10728,51.04547],[-114.10761,51.04548],[-114.10761,51.0455],[-114.10761,51.0456],[-114.10762,51.04562],[-114.10762,51.04563],[-114.10765,51.04563],[-114.10769,51.04563],[-114.10779,51.04563],[-114.10785,51.04563],[-114.108,51.04563],[-114.10817,51.04564],[-114.10833,51.04564],[-114.1085,51.04565],[-114.10866,51.04566],[-114.10878,51.04566],[-114.10889,51.04567],[-114.10899,51.04567],[-114.10903,51.04568],[-114.10911,51.04568],[-114.10915,51.04569],[-114.10921,51.04573],[-114.10924,51.04575],[-114.10928,51.04575],[-114.10956,51.04577],[-114.11032,51.04583],[-114.11078,51.04587],[-114.11086,51.04588],[-114.11091,51.04587],[-114.11097,51.04586],[-114.11105,51.04582],[-114.11113,51.0458],[-114.11117,51.04579],[-114.11124,51.04579],[-114.11157,51.04583],[-114.11164,51.04584],[-114.11215,51.04591],[-114.11216,51.04591],[-114.11239,51.04596],[-114.11261,51.04599],[-114.11269,51.04599],[-114.11275,51.04599],[-114.11283,51.04599],[-114.11298,51.04601],[-114.11307,51.04604],[-114.11314,51.04609],[-114.11321,51.04614],[-114.11331,51.0462],[-114.11342,51.04623],[-114.11352,51.04624],[-114.1136,51.04625],[-114.11366,51.04625],[-114.11371,51.04626],[-114.11374,51.04628],[-114.11384,51.04637],[-114.11389,51.04642],[-114.11397,51.04641],[-114.11405,51.0464],[-114.11416,51.04641],[-114.11423,51.04641],[-114.11432,51.0464],[-114.11434,51.0464],[-114.11439,51.0464],[-114.1146,51.0464],[-114.11484,51.04641],[-114.11509,51.04642],[-114.11526,51.04643],[-114.11535,51.04644],[-114.1155,51.04646],[-114.11562,51.04648],[-114.11572,51.0465],[-114.11583,51.04652],[-114.11595,51.04654],[-114.11608,51.04657],[-114.11625,51.04661],[-114.11625,51.04661],[-114.11643,51.04665],[-114.11649,51.04667],[-114.11655,51.04668],[-114.11661,51.04669],[-114.11669,51.04669],[-114.11676,51.0467],[-114.11681,51.0467],[-114.11687,51.0467],[-114.11693,51.04672],[-114.11702,51.04674],[-114.11712,51.04676],[-114.11724,51.0468],[-114.11727,51.0468],[-114.11735,51.04682],[-114.11744,51.04685],[-114.11755,51.04687],[-114.11764,51.0469],[-114.11775,51.04693],[-114.11785,51.04695]],[[-114.12224,51.04135],[-114.12228,51.04136],[-114.12232,51.04138],[-114.12234,51.04139],[-114.12237,51.0414],[-114.12239,51.0414],[-114.12241,51.0414],[-114.12243,51.0414],[-114.12246,51.0414],[-114.12258,51.0414],[-114.12273,51.0414],[-114.12275,51.0414],[-114.12281,51.0414],[-114.12285,51.0414],[-114.12288,51.0414],[-114.12296,51.0414],[-114.12303,51.0414],[-114.12316,51.0414],[-114.12332,51.0414],[-114.12339,51.04139],[-114.12347,51.04142],[-114.12352,51.04142],[-114.1238,51.04143],[-114.12384,51.04142],[-114.12398,51.04142],[-114.12412,51.04142],[-114.12443,51.04142],[-114.12448,51.04139],[-114.12454,51.04139],[-114.1251,51.04139],[-114.12521,51.04141],[-114.12525,51.04141],[-114.12529,51.04141],[-114.12542,51.04141],[-114.12562,51.04141],[-114.12577,51.04141],[-114.1258,51.04141],[-114.12593,51.04141],[-114.12594,51.04141],[-114.12601,51.04141],[-114.12616,51.04141],[-114.12637,51.04141],[-114.1265,51.04141],[-114.12659,51.04141],[-114.12666,51.04141],[-114.12677,51.04141],[-114.12685,51.04141],[-114.12688,51.04141],[-114.12699,51.04141],[-114.12706,51.04141],[-114.12715,51.04141],[-114.1273,51.04141],[-114.12749,51.04141],[-114.12766,51.04141],[-114.12782,51.04141],[-114.12796,51.04141],[-114.12803,51.04141],[-114.12809,51.04141],[-114.12811,51.04141],[-114.12813,51.04141],[-114.12825,51.04141],[-114.12834,51.04141],[-114.12842,51.04141],[-114.1285,51.04141],[-114.12856,51.04141],[-114.12863,51.04141],[-114.12868,51.04141],[-114.12878,51.04141],[-114.12882,51.04141],[-114.12895,51.04141],[-114.12904,51.04141],[-114.1291,51.04141],[-114.1292,51.04141],[-114.12934,51.04141],[-114.12936,51.04141],[-114.12943,51.04141],[-114.12949,51.04141],[-114.12951,51.04141],[-114.12955,51.04141],[-114.12964,51.04141],[-114.12983,51.04141],[-114.1301,51.04141],[-114.1303,51.04141],[-114.13062,51.04141],[-114.13063,51.04141],[-114.13086,51.04141],[-114.13108,51.04141],[-114.13134,51.04141],[-114.1315,51.04141],[-114.13163,51.04141],[-114.13175,51.04141],[-114.13178,51.04141],[-114.13186,51.04141],[-114.13186,51.04141],[-114.13197,51.04141],[-114.13217,51.0414],[-114.13228,51.04141],[-114.13245,51.0414],[-114.13257,51.0414],[-114.13267,51.04141],[-114.13272,51.04141],[-114.13285,51.0414],[-114.13296,51.0414],[-114.13307,51.0414],[-114.13309,51.0414],[-114.13316,51.0414],[-114.13322,51.0414],[-114.13342,51.0414],[-114.13355,51.0414],[-114.1337,51.0414],[-114.13384,51.0414],[-114.13397,51.0414],[-114.13409,51.0414],[-114.13417,51.0414],[-114.13425,51.0414],[-114.13425,51.0414],[-114.13433,51.0414],[-114.13443,51.0414],[-114.13444,51.0414],[-114.13454,51.0414],[-114.13469,51.0414],[-114.13477,51.0414],[-114.13487,51.0414],[-114.13495,51.0414],[-114.13507,51.04136],[-114.13525,51.04143],[-114.13524,51.04182],[-114.13541,51.04182],[-114.1354,51.04262],[-114.13541,51.04348],[-114.13543,51.04431],[-114.13543,51.04504],[-114.13542,51.04535],[-114.13534,51.04573],[-114.13521,51.04614],[-114.13503,51.04665],[-114.13492,51.04714],[-114.13495,51.04739],[-114.13501,51.04763],[-114.13525,51.04812],[-114.13455,51.04827],[-114.13442,51.0483],[-114.13422,51.04836],[-114.13405,51.04842],[-114.1339,51.0484],[-114.13378,51.04835],[-114.13372,51.04833],[-114.13359,51.04831],[-114.13344,51.0483],[-114.13333,51.0483],[-114.1332,51.04829],[-114.13312,51.0483],[-114.13306,51.04831],[-114.13297,51.04833],[-114.13291,51.04834],[-114.13286,51.04835],[-114.1328,51.04834],[-114.13272,51.04834],[-114.13258,51.04833],[-114.13244,51.04832],[-114.13233,51.04831],[-114.13224,51.0483],[-114.13217,51.0483],[-114.13209,51.04831],[-114.13201,51.04832],[-114.13177,51.04838],[-114.1316,51.04842],[-114.13141,51.04847],[-114.13119,51.04855],[-114.13114,51.04857],[-114.13108,51.04859],[-114.13099,51.04863],[-114.13095,51.04866],[-114.13091,51.04869],[-114.13083,51.04875],[-114.13078,51.04878],[-114.13074,51.04882],[-114.1307,51.04885],[-114.13066,51.04888],[-114.13062,51.04891],[-114.13059,51.04894],[-114.13058,51.04895],[-114.13057,51.04897],[-114.13054,51.04899],[-114.13051,51.04902],[-114.13048,51.04904],[-114.13042,51.04907],[-114.13035,51.0491],[-114.1302,51.04916],[-114.13011,51.04919],[-114.13006,51.04921],[-114.12994,51.04924],[-114.12985,51.04926],[-114.12972,51.04929],[-114.1296,51.04931],[-114.12953,51.04932],[-114.12946,51.04933],[-114.12942,51.04934],[-114.12932,51.04936],[-114.12923,51.04937],[-114.12918,51.04938],[-114.12914,51.04938],[-114.12908,51.04937],[-114.12901,51.04936],[-114.12897,51.04935],[-114.12891,51.04934],[-114.12885,51.04932],[-114.12878,51.0493],[-114.12875,51.04929],[-114.1287,51.04928],[-114.12864,51.04928],[-114.1285,51.04928],[-114.12836,51.04928],[-114.12822,51.04927],[-114.12807,51.04927],[-114.12788,51.04926],[-114.1278,51.04926],[-114.12774,51.04925],[-114.12769,51.04924],[-114.12762,51.04922],[-114.12751,51.04919],[-114.12742,51.04916],[-114.12735,51.04912],[-114.12728,51.04909],[-114.12722,51.04905],[-114.12711,51.04896],[-114.12707,51.04893],[-114.12701,51.04889],[-114.12695,51.04885],[-114.12688,51.04882],[-114.12682,51.0488],[-114.12672,51.04877],[-114.12665,51.04875],[-114.12658,51.04874],[-114.12648,51.04872],[-114.12639,51.04871],[-114.12632,51.04871],[-114.12626,51.04871],[-114.1262,51.04871],[-114.12614,51.04871],[-114.12608,51.04871],[-114.12602,51.04872],[-114.12597,51.04874],[-114.12591,51.04876],[-114.12587,51.04879],[-114.12585,51.04882],[-114.12584,51.04884],[-114.12584,51.04887],[-114.12584,51.04889],[-114.12585,51.0489],[-114.12587,51.04892],[-114.12591,51.04894],[-114.12601,51.04897],[-114.1261,51.04901],[-114.12618,51.04904],[-114.12624,51.04908],[-114.12632,51.04913],[-114.12638,51.04917],[-114.12644,51.04921],[-114.12656,51.04926],[-114.12663,51.04929],[-114.12669,51.04933],[-114.12673,51.04937],[-114.12675,51.04939],[-114.12679,51.04941],[-114.12683,51.04944],[-114.12688,51.04946],[-114.12693,51.04948],[-114.12699,51.04951],[-114.12702,51.04953],[-114.12708,51.04958],[-114.12711,51.04961],[-114.12713,51.04965],[-114.12715,51.04968],[-114.12716,51.04969],[-114.12718,51.04972],[-114.12719,51.04972],[-114.12722,51.04974],[-114.12726,51.04977],[-114.12731,51.0498],[-114.12736,51.04983],[-114.12741,51.04984],[-114.12747,51.04985],[-114.12755,51.04986],[-114.12757,51.04987],[-114.12758,51.04988],[-114.12757,51.0499],[-114.12756,51.04991],[-114.12753,51.04993],[-114.12748,51.04995],[-114.12742,51.04996]],[[-114.11923,51.04185],[-114.11922,51.04175],[-114.11921,51.04164],[-114.11921,51.0416],[-114.1192,51.0415],[-114.11919,51.04137],[-114.11918,51.04129],[-114.11919,51.04123],[-114.11932,51.04123],[-114.11953,51.04127],[-114.11966,51.04128],[-114.11985,51.04129],[-114.12006,51.04131],[-114.1201,51.04131],[-114.12024,51.04133],[-114.12043,51.04135],[-114.12053,51.04134],[-114.12055,51.04134],[-114.1206,51.04133],[-114.12072,51.04128],[-114.12083,51.04124],[-114.12094,51.04121],[-114.12103,51.0412],[-114.12116,51.0412],[-114.12129,51.04122],[-114.12143,51.04126],[-114.12155,51.0413],[-114.12168,51.04134],[-114.12177,51.04137],[-114.1218,51.04136],[-114.12187,51.04136],[-114.12203,51.04134],[-114.1221,51.04134],[-114.12216,51.04134],[-114.12224,51.04135]],[[-114.11923,51.04185],[-114.11924,51.04185],[-114.11941,51.04184],[-114.11957,51.04184],[-114.11974,51.04185],[-114.11977,51.04188],[-114.1198,51.04191],[-114.11982,51.04195],[-114.1198,51.042],[-114.11978,51.04205],[-114.11975,51.04208],[-114.11972,51.04211],[-114.11968,51.04213],[-114.11962,51.04214],[-114.11955,51.04215],[-114.11949,51.04214],[-114.11946,51.04214],[-114.11942,51.04214],[-114.11939,51.04213],[-114.11936,51.04212],[-114.11934,51.0421],[-114.11932,51.04208],[-114.1193,51.04207],[-114.11927,51.04203],[-114.11925,51.04199],[-114.11924,51.04195],[-114.11924,51.04193],[-114.11923,51.04185]],[[-114.11793,51.04418],[-114.11793,51.04414],[-114.11794,51.04411],[-114.11794,51.04407],[-114.11794,51.04403],[-114.11793,51.04398],[-114.11794,51.04362],[-114.11805,51.04348],[-114.11805,51.04324],[-114.11805,51.04314],[-114.11805,51.04305],[-114.11805,51.04301],[-114.11805,51.043],[-114.11805,51.04298],[-114.11805,51.04296],[-114.11805,51.04296],[-114.11805,51.04296],[-114.11805,51.04295],[-114.11805,51.04295],[-114.11805,51.04295],[-114.11805,51.04295],[-114.11805,51.04295],[-114.11805,51.04295],[-114.11805,51.04294],[-114.11805,51.04294],[-114.11805,51.04293],[-114.11804,51.04285],[-114.11804,51.04279],[-114.11804,51.04275],[-114.11804,51.04274],[-114.11804,51.04273],[-114.11804,51.04268],[-114.11805,51.0426],[-114.11804,51.0425],[-114.11804,51.04241],[-114.11804,51.04238],[-114.11804,51.04226],[-114.11804,51.04215],[-114.11804,51.04201],[-114.11804,51.04201],[-114.11803,51.04199],[-114.11805,51.04197],[-114.11809,51.04195],[-114.11813,51.04193],[-114.11819,51.04191],[-114.1183,51.0419],[-114.11848,51.04189],[-114.11878,51.04187],[-114.11894,51.04186],[-114.11923,51.04185]]]}},{"type":"Feature","properties":{"status":"closed","calgary_temporal_status":"CURRENT","start_date":"2026-08-24","end_date":"2026-10-05","detour_note":"33 AV SW & CROWCHILD TR SW - PATHWAY & SIDEWALK \u2014 Closed for utility realignment. Please detour to north sidewalk."},"geometry":{"type":"MultiLineString","coordinates":[[[-114.11711,51.02379],[-114.11701,51.02372],[-114.11695,51.02374],[-114.11688,51.02378],[-114.11682,51.0238],[-114.1166,51.02385],[-114.11634,51.02388],[-114.11603,51.0239],[-114.11566,51.02391]],[[-114.11701,51.02372],[-114.11706,51.02367],[-114.1171,51.0236],[-114.11712,51.02355],[-114.11715,51.02341],[-114.11718,51.02331]]]}},{"type":"Feature","properties":{"status":"detour","calgary_temporal_status":"CURRENT","start_date":"2026-08-24","end_date":"2026-10-05","detour_note":"33 AV SW & CROWCHILD TR SW - PATHWAY & SIDEWALK"},"geometry":{"type":"MultiLineString","coordinates":[[[-114.11718,51.02331],[-114.11726,51.02301],[-114.11732,51.02286],[-114.11732,51.02285],[-114.11731,51.02283],[-114.1173,51.02281],[-114.11728,51.02279],[-114.11727,51.02278],[-114.11724,51.02278],[-114.1172,51.02278],[-114.11717,51.02279],[-114.11715,51.0228],[-114.11713,51.02281],[-114.11712,51.02283],[-114.11711,51.02285],[-114.11712,51.02287],[-114.11714,51.02289],[-114.11715,51.02291],[-114.11716,51.02294],[-114.11717,51.02297],[-114.11717,51.023],[-114.11716,51.02303],[-114.11716,51.02306],[-114.11714,51.02309],[-114.11713,51.02311],[-114.1171,51.02313],[-114.11707,51.02314],[-114.11704,51.02315],[-114.11701,51.02317],[-114.11697,51.02318],[-114.11694,51.02319],[-114.11693,51.02317],[-114.11691,51.02315],[-114.11688,51.02312],[-114.11684,51.02311],[-114.1168,51.0231],[-114.11677,51.0231],[-114.11674,51.0231],[-114.11671,51.02311],[-114.11667,51.02312],[-114.11664,51.02312],[-114.11637,51.02312],[-114.11621,51.02312],[-114.11579,51.02312],[-114.11536,51.02313],[-114.11491,51.02312],[-114.11469,51.02313],[-114.11451,51.02313],[-114.11448,51.02313],[-114.11447,51.02338],[-114.11447,51.02388],[-114.11452,51.02391]],[[-114.11566,51.02391],[-114.11553,51.02391],[-114.11527,51.02391],[-114.11505,51.02391],[-114.11452,51.02391]],[[-114.11452,51.02391],[-114.11453,51.02406],[-114.1146,51.02406],[-114.11465,51.02406],[-114.11532,51.02407],[-114.11532,51.02409],[-114.11577,51.02408],[-114.11626,51.02408],[-114.1165,51.02408],[-114.11669,51.0241],[-114.1168,51.02413],[-114.11689,51.02416],[-114.11695,51.02418],[-114.11701,51.0242],[-114.1171,51.02415],[-114.11711,51.02379]]]}},{"type":"Feature","properties":{"status":"closed","calgary_temporal_status":"CURRENT","start_date":"2026-09-30","end_date":"2026-10-31","detour_note":"WOODBINE - 130 AV SW \u2014 Sound barrier install. Please use provided detour."},"geometry":{"type":"LineString","coordinates":[[-114.13831,50.93624],[-114.13837,50.93626],[-114.13843,50.93627],[-114.13848,50.93629],[-114.13852,50.93631],[-114.13856,50.93634],[-114.13859,50.93636],[-114.13861,50.93638],[-114.13866,50.93643],[-114.13867,50.93644],[-114.13872,50.9365],[-114.13873,50.93651],[-114.13878,50.93657],[-114.13879,50.93658],[-114.13884,50.93663],[-114.13888,50.93667],[-114.13898,50.93676],[-114.13904,50.93684],[-114.13912,50.93698],[-114.13919,50.93712],[-114.13924,50.93727],[-114.13925,50.93728],[-114.13931,50.93742],[-114.13931,50.93742],[-114.13935,50.93757],[-114.1394,50.93777],[-114.13942,50.93792],[-114.13942,50.93797],[-114.13943,50.93808],[-114.13945,50.93819],[-114.13948,50.93832],[-114.13952,50.93848],[-114.13954,50.93853],[-114.13954,50.93856],[-114.13954,50.9386],[-114.13954,50.93867],[-114.13955,50.93875],[-114.13962,50.93906],[-114.1397,50.93933],[-114.1397,50.93936],[-114.13977,50.93962],[-114.13981,50.93983],[-114.13984,50.93993],[-114.13988,50.94005],[-114.13989,50.94008],[-114.13991,50.9402],[-114.13992,50.9403],[-114.13991,50.94042],[-114.13993,50.94051],[-114.13997,50.94062],[-114.14,50.94071],[-114.14,50.94074],[-114.14001,50.94075],[-114.14002,50.94081],[-114.14003,50.94086],[-114.14004,50.94099],[-114.14006,50.94115],[-114.14009,50.9414],[-114.14009,50.94144],[-114.14011,50.94158],[-114.14012,50.94169],[-114.14013,50.94191],[-114.14014,50.94202],[-114.14015,50.94213],[-114.14015,50.94214],[-114.14015,50.94236],[-114.14015,50.94249],[-114.14017,50.94261],[-114.1402,50.9427],[-114.14021,50.94278],[-114.14021,50.94283],[-114.14021,50.94288],[-114.1402,50.94304],[-114.1402,50.94311],[-114.14019,50.94338],[-114.14017,50.94353],[-114.14016,50.94359],[-114.14015,50.94372],[-114.14015,50.94378],[-114.14013,50.94396],[-114.1401,50.94412],[-114.14008,50.94423],[-114.14007,50.94432],[-114.14004,50.94451],[-114.13999,50.94467],[-114.13996,50.94478],[-114.13995,50.94484],[-114.13995,50.94484],[-114.13992,50.94491],[-114.13988,50.94504],[-114.13983,50.94522],[-114.13982,50.94524],[-114.13979,50.94527],[-114.13975,50.94533],[-114.13972,50.94537],[-114.13971,50.94539],[-114.13963,50.94555],[-114.13962,50.94558],[-114.13949,50.94587],[-114.13946,50.94596],[-114.13942,50.9461],[-114.13934,50.94625]]}},{"type":"Feature","properties":{"status":"detour","calgary_temporal_status":"CURRENT","start_date":"2026-09-30","end_date":"2026-10-31","detour_note":"WOODBINE - 130 AV SW"},"geometry":{"type":"LineString","coordinates":[[-114.13934,50.94625],[-114.13928,50.94624],[-114.13922,50.94623],[-114.13919,50.94622],[-114.13916,50.94622],[-114.13912,50.94619],[-114.13906,50.94614],[-114.13902,50.94614],[-114.13902,50.94612],[-114.13885,50.9461],[-114.13878,50.94608],[-114.13875,50.94605],[-114.13874,50.94601],[-114.13874,50.946],[-114.13875,50.94597],[-114.13883,50.94581],[-114.13886,50.94577],[-114.13889,50.94573],[-114.13893,50.94569],[-114.13896,50.94565],[-114.13896,50.9456],[-114.13894,50.94556],[-114.13889,50.94551],[-114.13887,50.94551],[-114.13883,50.94549],[-114.13875,50.94548],[-114.13869,50.94548],[-114.13849,50.94541],[-114.13829,50.94536],[-114.13811,50.94534],[-114.13807,50.94533],[-114.1382,50.94485],[-114.13823,50.94473],[-114.13824,50.94469],[-114.13822,50.94464],[-114.13819,50.94457],[-114.13819,50.94456],[-114.13822,50.94455],[-114.13824,50.9445],[-114.13828,50.94435],[-114.1383,50.94429],[-114.1383,50.94425],[-114.13828,50.94425],[-114.13819,50.94424],[-114.13805,50.94422],[-114.13795,50.94421],[-114.13791,50.9442],[-114.13786,50.94418],[-114.13781,50.94416],[-114.13776,50.94414],[-114.1377,50.9441],[-114.13765,50.94406],[-114.13762,50.94402],[-114.13759,50.94399],[-114.13756,50.94394],[-114.13754,50.94392],[-114.13752,50.9439],[-114.13749,50.94387],[-114.13747,50.94385],[-114.13746,50.94383],[-114.13746,50.9438],[-114.13745,50.94379],[-114.13746,50.94376],[-114.1375,50.94372],[-114.13753,50.94368],[-114.13754,50.94365],[-114.13755,50.94361],[-114.13755,50.9436],[-114.13755,50.94353],[-114.13755,50.94346],[-114.13757,50.94343],[-114.13761,50.94337],[-114.13768,50.94332],[-114.13777,50.94326],[-114.13783,50.94322],[-114.13792,50.94314],[-114.13796,50.9431],[-114.13798,50.94308],[-114.13799,50.94306],[-114.138,50.94305],[-114.13801,50.94303],[-114.13802,50.943],[-114.13802,50.94298],[-114.13802,50.94296],[-114.138,50.94291],[-114.13798,50.94287],[-114.13794,50.94282],[-114.13791,50.94279],[-114.13785,50.94275],[-114.13778,50.9427],[-114.13773,50.94267],[-114.13769,50.94263],[-114.13763,50.94257],[-114.1376,50.94254],[-114.1376,50.94254],[-114.13758,50.9425],[-114.13756,50.94241],[-114.13756,50.94235],[-114.13758,50.94229],[-114.13759,50.94228],[-114.13762,50.94224],[-114.13764,50.94221],[-114.1377,50.94217],[-114.13775,50.94212],[-114.13778,50.9421],[-114.13783,50.94205],[-114.13785,50.94203],[-114.13787,50.94198],[-114.13789,50.94193],[-114.13788,50.94185],[-114.13786,50.94176],[-114.1378,50.94159],[-114.1378,50.94157],[-114.13779,50.94156],[-114.13777,50.94152],[-114.13775,50.94148],[-114.13775,50.94148],[-114.13775,50.94145],[-114.13775,50.94138],[-114.1377,50.94127],[-114.13769,50.94121],[-114.13768,50.94108],[-114.13767,50.94104],[-114.13757,50.94099],[-114.13746,50.94097],[-114.13738,50.94094],[-114.13735,50.94092],[-114.13732,50.94091],[-114.13729,50.94089],[-114.13719,50.94084],[-114.13713,50.94082],[-114.1371,50.94081],[-114.1371,50.94081],[-114.13703,50.94078],[-114.13697,50.94076],[-114.13699,50.94074],[-114.13706,50.94062],[-114.13709,50.94057],[-114.13711,50.94052],[-114.13711,50.94051],[-114.13712,50.94039],[-114.1371,50.94028],[-114.13708,50.94017],[-114.13707,50.94014],[-114.13707,50.94013],[-114.13704,50.94001],[-114.13699,50.93985],[-114.13697,50.93974],[-114.13693,50.93959],[-114.13691,50.93953],[-114.1369,50.93952],[-114.13688,50.93948],[-114.13684,50.93947],[-114.13682,50.9394],[-114.13681,50.93935],[-114.13684,50.93933],[-114.13686,50.93931],[-114.13685,50.93925],[-114.13684,50.93921],[-114.13682,50.93915],[-114.13674,50.93884],[-114.13673,50.93879],[-114.13668,50.93862],[-114.13667,50.93857],[-114.13662,50.93848],[-114.13661,50.93847],[-114.13657,50.93841],[-114.13654,50.93836],[-114.13642,50.93827],[-114.13632,50.9382],[-114.13631,50.9382],[-114.13625,50.93817],[-114.13612,50.93811],[-114.13594,50.93805],[-114.13581,50.93803],[-114.13575,50.93802],[-114.13568,50.93801],[-114.13552,50.93801],[-114.13552,50.93796],[-114.13552,50.93792],[-114.13552,50.9379],[-114.13552,50.93787],[-114.13552,50.93778],[-114.13552,50.9375],[-114.13552,50.93747],[-114.13552,50.93715],[-114.13552,50.93707],[-114.13552,50.93703],[-114.13552,50.93701],[-114.13552,50.93701],[-114.13552,50.93693],[-114.13551,50.93674],[-114.13551,50.9367],[-114.13551,50.9367],[-114.13551,50.93669],[-114.13551,50.93669],[-114.1357,50.93669],[-114.1357,50.93668],[-114.1357,50.93664],[-114.1357,50.93658],[-114.13574,50.93657],[-114.13574,50.93657],[-114.13574,50.93657],[-114.13574,50.9365],[-114.13574,50.93636],[-114.13574,50.93634],[-114.13573,50.93632],[-114.13571,50.9363],[-114.13571,50.93629],[-114.13573,50.93627],[-114.13573,50.93626],[-114.13575,50.9362],[-114.13589,50.9362],[-114.13604,50.9362],[-114.13606,50.9362],[-114.13607,50.93621],[-114.13608,50.93622],[-114.1361,50.93622],[-114.13612,50.93622],[-114.13616,50.93622],[-114.13627,50.93622],[-114.13635,50.93622],[-114.13636,50.93622],[-114.13687,50.93622],[-114.13693,50.93622],[-114.13693,50.93622],[-114.13693,50.93622],[-114.13706,50.93622],[-114.13729,50.93622],[-114.13735,50.93622],[-114.13761,50.93622],[-114.13778,50.93622],[-114.13789,50.93622],[-114.13801,50.93622],[-114.13816,50.93622],[-114.13825,50.93623],[-114.13831,50.93624]]}},{"type":"Feature","properties":{"status":"closed","calgary_temporal_status":"CURRENT","start_date":"2026-08-28","end_date":"2026-09-22","detour_note":"PANATELLA MR NW TO PANATELLA BV NW \u2014 Closed for boardwalk removal and culvert installation. Please use the provided detour."},"geometry":{"type":"MultiLineString","coordinates":[[[-114.08167,51.16443],[-114.08186,51.16412]],[[-114.08167,51.16443],[-114.08156,51.16439],[-114.0814,51.16435],[-114.08122,51.16431],[-114.08109,51.16428],[-114.0809,51.16425],[-114.08071,51.16422],[-114.08052,51.1642],[-114.08051,51.1642],[-114.0803,51.16415],[-114.08009,51.16411],[-114.07995,51.16407],[-114.07985,51.16404],[-114.07977,51.164],[-114.07973,51.16397],[-114.07967,51.16393],[-114.0796,51.16389],[-114.07952,51.16385],[-114.07947,51.16383],[-114.07941,51.16381],[-114.07925,51.16376],[-114.07913,51.16373],[-114.07902,51.1637],[-114.07891,51.16368],[-114.07881,51.16366],[-114.07868,51.16365],[-114.07863,51.16364],[-114.0786,51.16364],[-114.07858,51.16361]],[[-114.08281,51.16465],[-114.08273,51.16463],[-114.08259,51.16457],[-114.08247,51.16454],[-114.08243,51.16453],[-114.08237,51.16451],[-114.08231,51.16451],[-114.08221,51.1645],[-114.08209,51.16449],[-114.08196,51.16449],[-114.08185,51.16447],[-114.08174,51.16444],[-114.08167,51.16443]]]}},{"type":"Feature","properties":{"status":"detour","calgary_temporal_status":"CURRENT","start_date":"2026-08-28","end_date":"2026-09-22","detour_note":"PANATELLA MR NW TO PANATELLA BV NW"},"geometry":{"type":"LineString","coordinates":[[-114.07858,51.16361],[-114.07803,51.16379],[-114.07721,51.16406],[-114.07739,51.16428],[-114.07742,51.16431],[-114.07747,51.16435],[-114.07757,51.16442],[-114.07763,51.16446],[-114.07764,51.16446],[-114.07771,51.16446],[-114.07777,51.16446],[-114.07781,51.16447],[-114.07785,51.16449],[-114.07788,51.1645],[-114.07792,51.16453],[-114.07795,51.16456],[-114.078,51.16463],[-114.07803,51.16465],[-114.07805,51.16467],[-114.07806,51.16467],[-114.07808,51.16468],[-114.0781,51.16469],[-114.07828,51.16472],[-114.07844,51.16474],[-114.07859,51.16476],[-114.07867,51.16478],[-114.07868,51.16478],[-114.07873,51.16479],[-114.07886,51.16481],[-114.07894,51.16481],[-114.07899,51.16481],[-114.07904,51.1648],[-114.07909,51.16478],[-114.07922,51.16473],[-114.07923,51.16472],[-114.07933,51.16466],[-114.0794,51.16463],[-114.07949,51.1646],[-114.07958,51.16457],[-114.07967,51.16457],[-114.07974,51.16456],[-114.07981,51.16457],[-114.07991,51.16458],[-114.07999,51.1646],[-114.08017,51.16466],[-114.08034,51.1647],[-114.08046,51.16473],[-114.08048,51.16474],[-114.08061,51.16476],[-114.08089,51.16482],[-114.08115,51.16493],[-114.08136,51.16502],[-114.08162,51.16511],[-114.08176,51.16515],[-114.08185,51.16519],[-114.08204,51.16526],[-114.08211,51.16522],[-114.08215,51.1652],[-114.08246,51.16498],[-114.08263,51.16485],[-114.08275,51.16474],[-114.08281,51.16465],[-114.08281,51.16465]]}},{"type":"Feature","properties":{"status":"closed","calgary_temporal_status":"FUTURE","start_date":"2026-09-15","end_date":"2026-09-22","detour_note":"SAGE HILL - SAGE HIll RD & SAGE HILL WK NW PH 2 \u2014 Concrete repairs on pedestrian bridge. Please use rovided detour."},"geometry":{"type":"LineString","coordinates":[[-114.14858,51.17245],[-114.14864,51.17256],[-114.14875,51.17265]]}},{"type":"Feature","properties":{"status":"detour","calgary_temporal_status":"FUTURE","end_date":"2026-09-15","detour_note":"BOW RIVER PATHWAY - BEAVER DAM FLATS"},"geometry":{"type":"LineString","coordinates":[[-114.02178,50.98531],[-114.02184,50.9853],[-114.02187,50.9853],[-114.02187,50.98529],[-114.02188,50.98528],[-114.02189,50.98527],[-114.0219,50.98527],[-114.02195,50.98525],[-114.02199,50.98525],[-114.02204,50.98524],[-114.02209,50.98524],[-114.02214,50.98524],[-114.02219,50.98525],[-114.02225,50.98527],[-114.02231,50.98529],[-114.02231,50.98529],[-114.02234,50.9853],[-114.02237,50.98531],[-114.02263,50.98542],[-114.02288,50.98553],[-114.02296,50.98556],[-114.023,50.98559],[-114.02321,50.98575],[-114.02344,50.98591],[-114.02358,50.98604],[-114.02369,50.98612],[-114.02374,50.98616],[-114.02375,50.98618],[-114.02384,50.98625],[-114.02392,50.98632],[-114.02422,50.98656],[-114.02432,50.98664],[-114.02461,50.9869],[-114.02467,50.98694],[-114.02477,50.98703],[-114.02497,50.98721],[-114.02503,50.98726],[-114.02512,50.98733],[-114.02511,50.98734],[-114.02461,50.98782],[-114.02449,50.98794],[-114.02448,50.98795],[-114.02448,50.98795],[-114.02447,50.98796],[-114.02445,50.98796],[-114.02443,50.98797],[-114.02442,50.98797],[-114.0244,50.98797],[-114.02437,50.98797],[-114.02434,50.98796],[-114.02432,50.98796],[-114.02429,50.98795],[-114.02423,50.98792],[-114.02408,50.98805],[-114.02388,50.98823],[-114.02385,50.98825],[-114.02349,50.98855],[-114.0233,50.98873],[-114.02316,50.98891],[-114.02302,50.98915],[-114.02294,50.98937],[-114.0229,50.98959],[-114.0229,50.98978],[-114.02292,50.98991],[-114.02292,50.98992],[-114.02293,50.98995],[-114.02296,50.99009],[-114.02301,50.99035],[-114.0231,50.99078],[-114.02313,50.99096],[-114.02315,50.99105],[-114.02317,50.99112],[-114.02321,50.99117],[-114.02334,50.99127],[-114.02349,50.99142],[-114.02399,50.99193],[-114.0242,50.99214],[-114.02459,50.99257],[-114.02461,50.99261],[-114.02477,50.9928],[-114.02494,50.99301],[-114.02497,50.99305],[-114.02497,50.99305],[-114.02508,50.9932],[-114.02533,50.99355],[-114.02537,50.9936],[-114.02542,50.99364],[-114.02548,50.99366],[-114.02555,50.99369],[-114.02555,50.99369],[-114.02574,50.99377],[-114.02591,50.99384],[-114.02604,50.9939],[-114.02604,50.9939],[-114.02605,50.99391],[-114.02607,50.99392],[-114.0262,50.994],[-114.02636,50.99411],[-114.0265,50.99418],[-114.02663,50.99425],[-114.0268,50.99434],[-114.0268,50.99434],[-114.02695,50.99442],[-114.02707,50.99449],[-114.02716,50.99454],[-114.02731,50.99463],[-114.0275,50.99475],[-114.02754,50.99478],[-114.02769,50.99488],[-114.0277,50.9949],[-114.02783,50.99498],[-114.02801,50.99516],[-114.02803,50.99517],[-114.02812,50.99525],[-114.02813,50.99525],[-114.02827,50.99532],[-114.02827,50.99532],[-114.02842,50.9954],[-114.02855,50.99549],[-114.02866,50.99556],[-114.02871,50.9956],[-114.02884,50.99569],[-114.02884,50.99569],[-114.02887,50.99571],[-114.02914,50.99591],[-114.02936,50.99609],[-114.02953,50.99622],[-114.02955,50.99623],[-114.0296,50.99626],[-114.02963,50.99627],[-114.02981,50.99637],[-114.03021,50.99656],[-114.03039,50.99667],[-114.0304,50.99667],[-114.03046,50.99672],[-114.03052,50.99679],[-114.03064,50.99705],[-114.03064,50.99706],[-114.03074,50.99732],[-114.03077,50.99745],[-114.03078,50.99747],[-114.03082,50.99759],[-114.03083,50.99763],[-114.03091,50.99779],[-114.031,50.99793],[-114.0311,50.99808],[-114.0311,50.99813],[-114.03102,50.99836],[-114.03091,50.99869],[-114.03082,50.99886],[-114.03074,50.99899],[-114.03065,50.99911],[-114.03059,50.99918],[-114.03054,50.99924],[-114.03045,50.99934],[-114.03043,50.99936],[-114.03006,50.99977],[-114.03005,50.99978],[-114.03002,50.99981],[-114.02999,50.99985],[-114.02973,51.00011],[-114.02955,51.00028],[-114.02935,51.00044],[-114.02932,51.00047],[-114.029,51.00073],[-114.02895,51.00077],[-114.02878,51.00091],[-114.02853,51.00112],[-114.02852,51.00113],[-114.0285,51.00115],[-114.02828,51.00134],[-114.02824,51.00139],[-114.02819,51.00144],[-114.02818,51.00148],[-114.02819,51.00153],[-114.02824,51.00159],[-114.02832,51.00165],[-114.02842,51.00173],[-114.02851,51.00179],[-114.02855,51.00185],[-114.02855,51.00191],[-114.02855,51.00191],[-114.02852,51.00201],[-114.0285,51.00209],[-114.02849,51.00214],[-114.0285,51.00227],[-114.02833,51.00231],[-114.02825,51.00234],[-114.02818,51.00237],[-114.02809,51.00242],[-114.02803,51.00247],[-114.02798,51.0025],[-114.02756,51.00279],[-114.0273,51.00296],[-114.0269,51.00323],[-114.02681,51.00328],[-114.02643,51.00354],[-114.02624,51.00367],[-114.02605,51.00379],[-114.02599,51.00383],[-114.02578,51.00397],[-114.02564,51.00404],[-114.02551,51.00411],[-114.02531,51.00421],[-114.02531,51.00421],[-114.02519,51.00429],[-114.02506,51.00439],[-114.02503,51.00444],[-114.02503,51.00444],[-114.025,51.00448],[-114.02497,51.00457],[-114.02496,51.00466],[-114.02493,51.00474],[-114.02489,51.00479],[-114.02483,51.00485],[-114.02478,51.00488],[-114.0247,51.00492],[-114.02459,51.00497],[-114.02426,51.00513],[-114.02409,51.00521],[-114.02374,51.00538],[-114.02347,51.00551],[-114.02342,51.00554],[-114.02335,51.00558],[-114.0233,51.00562],[-114.02328,51.00565],[-114.02326,51.0057],[-114.02323,51.00577],[-114.02319,51.00582],[-114.02316,51.00586],[-114.02315,51.00587],[-114.02296,51.00609],[-114.02292,51.00614],[-114.02254,51.0066],[-114.02224,51.00694],[-114.02217,51.007],[-114.02172,51.00741],[-114.02165,51.00746],[-114.02125,51.00782],[-114.02106,51.00799],[-114.0209,51.00813],[-114.02087,51.00815],[-114.02074,51.00827],[-114.02043,51.00854],[-114.02038,51.00858],[-114.02023,51.00871],[-114.02016,51.00877],[-114.02014,51.00879],[-114.0201,51.0088],[-114.01986,51.0089],[-114.01983,51.00892],[-114.01974,51.00898],[-114.01969,51.00903],[-114.01965,51.00906],[-114.01954,51.00916],[-114.01949,51.00921],[-114.01943,51.00925],[-114.01936,51.00931],[-114.01934,51.00932],[-114.01922,51.0094],[-114.01899,51.00958],[-114.01871,51.00976],[-114.01864,51.00981],[-114.01807,51.01018],[-114.01791,51.01029],[-114.01762,51.01054],[-114.01736,51.01076],[-114.01733,51.01079],[-114.01731,51.01082],[-114.01729,51.01087],[-114.01728,51.01093],[-114.01726,51.01096],[-114.01722,51.01099],[-114.01719,51.01101],[-114.01716,51.01103],[-114.01664,51.01144],[-114.01624,51.01176],[-114.01616,51.01183],[-114.01608,51.01189],[-114.01593,51.01202],[-114.01531,51.01252],[-114.01517,51.01264],[-114.01504,51.01275],[-114.015,51.0128],[-114.01493,51.01288],[-114.01475,51.0131],[-114.01465,51.01322],[-114.01462,51.01327],[-114.0146,51.0133],[-114.01457,51.01335],[-114.01455,51.01344],[-114.0145,51.01361],[-114.01448,51.0137],[-114.01448,51.01373],[-114.0145,51.01376],[-114.01451,51.01378],[-114.01458,51.01386],[-114.01463,51.01392],[-114.01468,51.01396],[-114.01477,51.01403],[-114.01478,51.01405],[-114.01478,51.01407],[-114.01475,51.01409],[-114.0147,51.01412],[-114.01465,51.01407],[-114.01461,51.01403],[-114.01456,51.01398],[-114.01445,51.01389],[-114.01443,51.01387],[-114.01437,51.01382],[-114.01424,51.01371],[-114.01423,51.01371],[-114.0142,51.01369],[-114.01407,51.0136],[-114.01405,51.01358],[-114.01393,51.0135],[-114.01388,51.01347],[-114.01386,51.01345],[-114.01377,51.01339],[-114.01376,51.01339],[-114.01361,51.01328],[-114.01361,51.01328],[-114.01357,51.01326],[-114.01346,51.01319],[-114.01334,51.01311],[-114.01329,51.01308],[-114.01328,51.01307],[-114.01321,51.01303],[-114.01313,51.01298],[-114.01309,51.01295],[-114.01307,51.01294],[-114.01296,51.01287],[-114.01285,51.0128],[-114.01284,51.0128],[-114.01281,51.01278],[-114.01267,51.01269],[-114.01265,51.01268],[-114.01259,51.01264],[-114.01258,51.01263],[-114.01254,51.01261],[-114.01251,51.01259],[-114.01237,51.0125],[-114.01237,51.0125],[-114.01236,51.01249],[-114.01234,51.01248],[-114.01234,51.01248],[-114.01229,51.01245],[-114.01228,51.01244],[-114.01226,51.01243],[-114.0122,51.0124],[-114.01219,51.0124],[-114.01217,51.01239],[-114.0121,51.01235],[-114.01205,51.01232],[-114.01203,51.0123],[-114.012,51.01229],[-114.01197,51.01226],[-114.01194,51.01224],[-114.0119,51.01221],[-114.01187,51.01218],[-114.01187,51.01217],[-114.01182,51.01212],[-114.01178,51.01206],[-114.01178,51.01205],[-114.01175,51.012]]}},{"type":"Feature","properties":{"status":"detour","calgary_temporal_status":"FUTURE","start_date":"2026-10-10","end_date":"2026-10-11","detour_note":"GLENMORE CAUSEWAY"},"geometry":{"type":"MultiLineString","coordinates":[[[-114.09754,50.99393],[-114.09749,50.99396],[-114.09746,50.99397],[-114.09736,50.99405],[-114.09735,50.99406],[-114.09734,50.99407],[-114.09733,50.99408],[-114.09726,50.99413],[-114.09722,50.99415],[-114.09719,50.99417],[-114.09708,50.99425],[-114.09717,50.99432],[-114.09723,50.99441],[-114.09725,50.99444],[-114.09726,50.99446],[-114.09727,50.9945],[-114.09728,50.99454],[-114.09728,50.99457],[-114.09728,50.9946],[-114.09727,50.99465],[-114.09727,50.99466],[-114.09726,50.9947],[-114.09723,50.99474],[-114.0972,50.99479],[-114.09719,50.9948],[-114.09717,50.99483],[-114.09717,50.99483],[-114.09707,50.9949],[-114.097,50.99494],[-114.09692,50.99498],[-114.09692,50.99498],[-114.09678,50.99502],[-114.09673,50.99504],[-114.09668,50.99505],[-114.09661,50.99507],[-114.09655,50.99509],[-114.09649,50.99511],[-114.09646,50.99512],[-114.09642,50.99514],[-114.09636,50.99517],[-114.09629,50.9952],[-114.09627,50.99523],[-114.09623,50.99526],[-114.09618,50.99532],[-114.09615,50.99539],[-114.0961,50.99551],[-114.0961,50.99552],[-114.09606,50.9956],[-114.09603,50.99568],[-114.09601,50.99572],[-114.096,50.99574],[-114.09597,50.99581],[-114.09595,50.99587],[-114.09592,50.99593],[-114.09589,50.996],[-114.09587,50.99606],[-114.09585,50.99613],[-114.09583,50.99619],[-114.09582,50.99621],[-114.0958,50.99628],[-114.09579,50.99634],[-114.09579,50.99636],[-114.09577,50.99643],[-114.09576,50.99648],[-114.09576,50.99652],[-114.09576,50.99655],[-114.09577,50.99658],[-114.09577,50.99661],[-114.09577,50.99661],[-114.09577,50.99666],[-114.09578,50.9967],[-114.09578,50.99673],[-114.09578,50.99675],[-114.09578,50.99677],[-114.09578,50.99679],[-114.09578,50.99682],[-114.09577,50.99685],[-114.09577,50.99688],[-114.09577,50.99691],[-114.09577,50.99694],[-114.09577,50.99697],[-114.09577,50.99701],[-114.09578,50.99706],[-114.09578,50.99708],[-114.09578,50.99709],[-114.09579,50.99711],[-114.09579,50.99714],[-114.09579,50.99716],[-114.0958,50.9972],[-114.09581,50.99726],[-114.09582,50.9973],[-114.09584,50.99734],[-114.09585,50.99739],[-114.09587,50.99743],[-114.09589,50.99747],[-114.0959,50.99751],[-114.0959,50.99751],[-114.09591,50.99752],[-114.09593,50.99756],[-114.09594,50.99758],[-114.09596,50.99761],[-114.09599,50.99766],[-114.09601,50.9977],[-114.09603,50.99773],[-114.09605,50.99777],[-114.09607,50.99782],[-114.0961,50.99789],[-114.09613,50.99794],[-114.09614,50.99797],[-114.09616,50.998],[-114.09618,50.99804],[-114.09619,50.99806],[-114.0962,50.99809],[-114.09623,50.99813],[-114.09626,50.99819],[-114.09629,50.99825],[-114.0963,50.99828],[-114.09631,50.9983],[-114.09634,50.99836],[-114.09634,50.99836],[-114.09637,50.99842],[-114.0964,50.99848],[-114.09643,50.99853],[-114.09645,50.99858],[-114.09647,50.99864],[-114.0965,50.9987],[-114.0965,50.9987],[-114.0965,50.99871],[-114.09652,50.99876],[-114.09654,50.99882],[-114.09656,50.99887],[-114.09656,50.9989],[-114.09657,50.99892],[-114.09657,50.99895],[-114.09656,50.99897],[-114.09655,50.99899],[-114.09654,50.99901],[-114.09654,50.99902],[-114.09656,50.99905],[-114.09661,50.99911],[-114.09668,50.99921],[-114.09671,50.99925],[-114.0968,50.99938],[-114.09692,50.99954],[-114.09701,50.99968],[-114.0971,50.99982],[-114.09721,50.99997],[-114.09732,51.00014],[-114.09744,51.0003],[-114.09752,51.00042],[-114.09753,51.00044],[-114.09765,51.00061],[-114.0977,51.00069],[-114.09776,51.00078],[-114.09779,51.00082],[-114.09784,51.00089],[-114.09789,51.00097],[-114.09789,51.00097],[-114.09801,51.00114],[-114.09801,51.00115],[-114.09805,51.00122],[-114.09806,51.00123],[-114.09807,51.00125],[-114.09808,51.00127],[-114.09808,51.00128],[-114.09809,51.00128],[-114.09817,51.00132],[-114.09833,51.00139],[-114.09833,51.00139]],[[-114.10083,50.99569],[-114.10097,50.99575],[-114.10105,50.99579],[-114.10109,50.9958],[-114.10112,50.99582],[-114.10138,50.99592],[-114.1014,50.99593],[-114.10159,50.99601],[-114.10169,50.99606],[-114.10179,50.9961],[-114.10226,50.99629],[-114.10257,50.99641],[-114.10262,50.99643],[-114.10292,50.99654],[-114.10295,50.99655],[-114.10322,50.99666],[-114.10344,50.99673],[-114.10355,50.99678],[-114.10364,50.99681],[-114.10389,50.99689],[-114.104,50.99693],[-114.10404,50.99694],[-114.10435,50.99704],[-114.1046,50.99712],[-114.10461,50.99712],[-114.10469,50.99715],[-114.10484,50.99719],[-114.10496,50.99723],[-114.1052,50.9973],[-114.10532,50.99733],[-114.10543,50.99737],[-114.10547,50.99738],[-114.10559,50.99741],[-114.10569,50.99744],[-114.10572,50.99745],[-114.10586,50.99748],[-114.10625,50.99758],[-114.10625,50.99758],[-114.10638,50.99762],[-114.10651,50.99765],[-114.10663,50.99768],[-114.1067,50.9977],[-114.10699,50.99776],[-114.10716,50.9978],[-114.10731,50.99784],[-114.10735,50.99785],[-114.10737,50.99785],[-114.1077,50.99792],[-114.10774,50.99793],[-114.10795,50.99798],[-114.10796,50.99798],[-114.10829,50.99805],[-114.10835,50.99806],[-114.10838,50.99807],[-114.10857,50.9981],[-114.1087,50.99813],[-114.10871,50.99813],[-114.10882,50.99814],[-114.10899,50.99815],[-114.10908,50.99815],[-114.10918,50.99816],[-114.10922,50.99816],[-114.10925,50.99817],[-114.1094,50.99821],[-114.10949,50.99824],[-114.10957,50.99826],[-114.10968,50.9983],[-114.10969,50.9983],[-114.10995,50.99834],[-114.10999,50.99835],[-114.11007,50.99836],[-114.11007,50.99836],[-114.11017,50.99838],[-114.11042,50.99843],[-114.1108,50.9985],[-114.1108,50.9985],[-114.11081,50.9985],[-114.11081,50.9985],[-114.11087,50.99851],[-114.11094,50.99853],[-114.11102,50.99854],[-114.11111,50.99855],[-114.11135,50.99855],[-114.11142,50.99856],[-114.11144,50.99856],[-114.11153,50.99857],[-114.11166,50.99858],[-114.11181,50.9986],[-114.11204,50.99864],[-114.11227,50.99869],[-114.1125,50.99875],[-114.11236,50.99874],[-114.11165,50.9986],[-114.11162,50.99861],[-114.11162,50.99863],[-114.11165,50.99863],[-114.11253,50.99879],[-114.1125,50.99884],[-114.11247,50.9989],[-114.11245,50.99894],[-114.11238,50.99908],[-114.11231,50.99921],[-114.11228,50.99928],[-114.11236,50.9993],[-114.11254,50.99935],[-114.11311,50.99949],[-114.11305,50.99961],[-114.11299,50.99962],[-114.11296,50.99964],[-114.11268,51.00019],[-114.11246,51.00018],[-114.11242,51.00018],[-114.11237,51.00018],[-114.11139,50.99998],[-114.11095,50.99988],[-114.1109,50.99987],[-114.11087,50.99986],[-114.11084,50.99985],[-114.11081,50.99983],[-114.11078,50.99982],[-114.11075,50.99982],[-114.11071,50.99981],[-114.11063,50.99982],[-114.11059,50.99983],[-114.11056,50.99984],[-114.11053,50.99986],[-114.1105,50.99987],[-114.11048,50.9999],[-114.11046,50.99993],[-114.11046,50.99996],[-114.11046,50.99997],[-114.11047,51.00002],[-114.11049,51.00006],[-114.1105,51.00007],[-114.1105,51.00049],[-114.1105,51.00094],[-114.1105,51.00123],[-114.11049,51.00128],[-114.11048,51.0013],[-114.11045,51.00131],[-114.11042,51.00133],[-114.11039,51.00133],[-114.10997,51.00133],[-114.10942,51.00133],[-114.10942,51.00144],[-114.10901,51.00144],[-114.10802,51.00144],[-114.10745,51.00144],[-114.10673,51.00144],[-114.10668,51.00144],[-114.10664,51.00145],[-114.10661,51.00146],[-114.10659,51.00148],[-114.10657,51.00151],[-114.10656,51.00153],[-114.10656,51.002],[-114.10656,51.00218],[-114.10657,51.0022],[-114.10656,51.00241],[-114.10656,51.00254],[-114.10656,51.00293],[-114.10628,51.00295],[-114.10624,51.00298],[-114.10621,51.003],[-114.10617,51.00302],[-114.10613,51.00302],[-114.10608,51.00303],[-114.10595,51.00303],[-114.10585,51.00303],[-114.1058,51.00303],[-114.10572,51.00303],[-114.10566,51.00303],[-114.10552,51.00304],[-114.10544,51.00304],[-114.10537,51.00304],[-114.10522,51.00304],[-114.10521,51.00304],[-114.10515,51.00305],[-114.10501,51.00305],[-114.10494,51.00305],[-114.10487,51.00306],[-114.10478,51.00306],[-114.10471,51.00307],[-114.10468,51.00307],[-114.10457,51.00309],[-114.1045,51.0031],[-114.10444,51.0031],[-114.10439,51.0031],[-114.10433,51.0031],[-114.10428,51.00309],[-114.10421,51.00308],[-114.10416,51.00308],[-114.10412,51.00308],[-114.1041,51.00308],[-114.10404,51.00308],[-114.10397,51.00307],[-114.10387,51.00306],[-114.10385,51.00306],[-114.10384,51.00306],[-114.10378,51.00306],[-114.10369,51.00306],[-114.10361,51.00306],[-114.10355,51.00306],[-114.10347,51.00307],[-114.10337,51.00307],[-114.10329,51.00308],[-114.10321,51.00308],[-114.10315,51.00309],[-114.10306,51.0031],[-114.10298,51.0031],[-114.10298,51.00308],[-114.10299,51.00304],[-114.103,51.00301],[-114.10302,51.00297],[-114.10303,51.00293],[-114.10303,51.00285],[-114.10303,51.00284],[-114.10278,51.00282],[-114.10238,51.00276],[-114.10237,51.00275],[-114.10235,51.00272],[-114.10233,51.00268],[-114.10231,51.00264],[-114.10227,51.0026],[-114.10224,51.00257],[-114.1022,51.00254],[-114.10216,51.00251],[-114.10212,51.00248],[-114.10208,51.00247],[-114.10204,51.00245],[-114.102,51.00245],[-114.10194,51.00244],[-114.10188,51.00243],[-114.10184,51.00243],[-114.10181,51.00243],[-114.10173,51.00243],[-114.10167,51.00243],[-114.10163,51.00243],[-114.10154,51.00243],[-114.10145,51.00243],[-114.10134,51.00243],[-114.10123,51.00243],[-114.10113,51.00242],[-114.10102,51.00242],[-114.10096,51.00241],[-114.1009,51.0024],[-114.10087,51.0024],[-114.10084,51.0024],[-114.10079,51.00238],[-114.10073,51.00237],[-114.10067,51.00236],[-114.10062,51.00235],[-114.10061,51.00235],[-114.10057,51.00233],[-114.10055,51.00233],[-114.10045,51.0023],[-114.10036,51.00228],[-114.10027,51.00226],[-114.10018,51.00224],[-114.1001,51.00222],[-114.10002,51.0022],[-114.09996,51.00218],[-114.09989,51.00215],[-114.09983,51.00213],[-114.09979,51.00211],[-114.09975,51.00209],[-114.0997,51.00206],[-114.09965,51.00203],[-114.09959,51.00201],[-114.09953,51.00198],[-114.09946,51.00196],[-114.09939,51.00193],[-114.09934,51.00192],[-114.09928,51.0019],[-114.09925,51.00189],[-114.09922,51.00187],[-114.09919,51.00185],[-114.09914,51.00182],[-114.0991,51.00179],[-114.09906,51.00177],[-114.09901,51.00173],[-114.09899,51.00172],[-114.09896,51.0017],[-114.09893,51.00168],[-114.0989,51.00166],[-114.09884,51.00164],[-114.09879,51.00161],[-114.09874,51.00159],[-114.09871,51.00157],[-114.09868,51.00156],[-114.09865,51.00154],[-114.09859,51.00151],[-114.09852,51.00148],[-114.09848,51.00146],[-114.09843,51.00144],[-114.09836,51.0014],[-114.09833,51.00139]],[[-114.09833,51.00139],[-114.09833,51.00139]]]}},{"type":"Feature","properties":{"status":"closed","calgary_temporal_status":"CURRENT","start_date":"2026-09-18","end_date":"2026-10-02","detour_note":"BAYVIEW - 24 ST TO BAYVIEW DR SW \u2014 Pathway realignment work. Please use provided detour."},"geometry":{"type":"MultiLineString","coordinates":[[[-114.11722,50.97237],[-114.11722,50.97237],[-114.11718,50.97238]],[[-114.11722,50.97237],[-114.11718,50.97238]],[[-114.11722,50.97237],[-114.11728,50.97235],[-114.11756,50.97235],[-114.11764,50.97238],[-114.11771,50.97241],[-114.11773,50.97243],[-114.11768,50.97247],[-114.11763,50.97246],[-114.1176,50.97245],[-114.11722,50.97245],[-114.11642,50.97245],[-114.11586,50.97245],[-114.11523,50.97245],[-114.1146,50.97245],[-114.11376,50.97245],[-114.11293,50.97245],[-114.11244,50.97245],[-114.11227,50.97245],[-114.11192,50.97246],[-114.11192,50.97238]],[[-114.11718,50.97238],[-114.11598,50.97238],[-114.11569,50.97238],[-114.11555,50.97238],[-114.11527,50.97238],[-114.11496,50.97238],[-114.11435,50.97238],[-114.11403,50.97238],[-114.11383,50.97238],[-114.11379,50.97238],[-114.11374,50.97238],[-114.11318,50.97238],[-114.1128,50.97238],[-114.11273,50.97238],[-114.11249,50.97238],[-114.11226,50.97238],[-114.11215,50.97238],[-114.11193,50.97238]]]}},{"type":"Feature","properties":{"status":"closed","calgary_temporal_status":"CURRENT","start_date":"2026-09-11","end_date":"2026-09-12","detour_note":"BOWNESS PARK - NORTH PATHWAY \u2014 Closed for geotechnical drilling. Please use the provided detour."},"geometry":{"type":"LineString","coordinates":[[-114.22573,51.09814],[-114.22563,51.09815],[-114.22551,51.09819],[-114.22541,51.09821],[-114.22532,51.09823],[-114.22527,51.09825],[-114.22512,51.09826],[-114.22504,51.09826]]}},{"type":"Feature","properties":{"status":"detour","calgary_temporal_status":"CURRENT","start_date":"2026-09-11","end_date":"2026-09-12","detour_note":"BOWNESS PARK - NORTH PATHWAY"},"geometry":{"type":"LineString","coordinates":[[-114.22504,51.09826],[-114.22498,51.09826],[-114.22482,51.09824],[-114.22467,51.09823],[-114.22454,51.09823],[-114.22425,51.09825],[-114.22415,51.09826],[-114.22398,51.09827],[-114.22366,51.0983],[-114.22336,51.09832],[-114.22305,51.09835],[-114.22287,51.09837],[-114.22277,51.09838],[-114.22263,51.09839],[-114.22253,51.0984],[-114.22242,51.0984],[-114.22222,51.09839],[-114.22214,51.09838],[-114.22181,51.09837],[-114.22147,51.09836],[-114.22137,51.09836],[-114.22118,51.09836],[-114.22075,51.09837],[-114.22062,51.09837],[-114.22053,51.09831],[-114.22043,51.09822],[-114.22034,51.09811],[-114.22038,51.09797],[-114.22039,51.09789],[-114.22046,51.0977],[-114.22053,51.09771],[-114.22062,51.09771],[-114.22076,51.09772],[-114.22098,51.09772],[-114.22151,51.09768],[-114.22176,51.09764],[-114.22177,51.09764],[-114.2221,51.09759],[-114.2225,51.0975],[-114.223,51.09738],[-114.22327,51.09732],[-114.22358,51.09728],[-114.22386,51.09725],[-114.22414,51.09723],[-114.22424,51.09723],[-114.22459,51.0972],[-114.2249,51.09717],[-114.22504,51.09715],[-114.22516,51.09713],[-114.22526,51.09713],[-114.22539,51.09712],[-114.22551,51.09714],[-114.22565,51.09717],[-114.22592,51.09727],[-114.22621,51.09737],[-114.22637,51.09742],[-114.22655,51.09744],[-114.22676,51.09744],[-114.22694,51.09745],[-114.22716,51.09745],[-114.22735,51.09746],[-114.22738,51.09746],[-114.22739,51.09746],[-114.2274,51.09746],[-114.22741,51.09746],[-114.22742,51.09746],[-114.22743,51.09746],[-114.22745,51.09746],[-114.22751,51.09746],[-114.22752,51.09746],[-114.22755,51.09746],[-114.22757,51.09746],[-114.22758,51.09746],[-114.22759,51.09746],[-114.2276,51.09746],[-114.22761,51.09747],[-114.22762,51.09747],[-114.22763,51.09747],[-114.22764,51.09747],[-114.22766,51.09747],[-114.22767,51.09747],[-114.22768,51.09747],[-114.22769,51.09747],[-114.22771,51.09747],[-114.22772,51.09747],[-114.22774,51.09747],[-114.22777,51.09748],[-114.22779,51.09748],[-114.22781,51.09748],[-114.22783,51.09748],[-114.22787,51.09749],[-114.2279,51.09749],[-114.22794,51.09749],[-114.22796,51.09749],[-114.22798,51.0975],[-114.22799,51.0975],[-114.22801,51.0975],[-114.22801,51.0975],[-114.22802,51.0975],[-114.22804,51.0975],[-114.22805,51.0975],[-114.22807,51.09751],[-114.22808,51.09751],[-114.22811,51.09751],[-114.22817,51.09752],[-114.2282,51.09752],[-114.22821,51.09753],[-114.22823,51.09753],[-114.22824,51.09753],[-114.22826,51.09753],[-114.22827,51.09753],[-114.22827,51.09753],[-114.22833,51.09754],[-114.22842,51.09756],[-114.22884,51.09764],[-114.22904,51.09769],[-114.22886,51.09773],[-114.22873,51.09776],[-114.22858,51.09779],[-114.22836,51.09784],[-114.22816,51.09789],[-114.22797,51.09791],[-114.22771,51.09793],[-114.22743,51.09797],[-114.22732,51.09798],[-114.22715,51.09801],[-114.22695,51.09804],[-114.22675,51.09806],[-114.22653,51.09808],[-114.22637,51.09808],[-114.22624,51.09808],[-114.22617,51.09809],[-114.22608,51.09809],[-114.22581,51.09813],[-114.22573,51.09814]]}},{"type":"Feature","properties":{"status":"closed","calgary_temporal_status":"FUTURE","start_date":"2026-09-14","end_date":"2026-09-16","detour_note":"BOWNESS PARK - TRAIL CONNECTION \u2014 Closed for geotechnical drilling. Please use the provided detour."},"geometry":{"type":"LineString","coordinates":[[-114.22375,51.09679],[-114.22375,51.09681],[-114.22375,51.09684],[-114.22376,51.09687],[-114.22377,51.09691],[-114.22378,51.09693],[-114.2238,51.09695],[-114.22382,51.09697],[-114.22385,51.09698],[-114.22387,51.097],[-114.2239,51.09702],[-114.22393,51.09704],[-114.22396,51.09706],[-114.22399,51.09708],[-114.22404,51.09711],[-114.22406,51.09712],[-114.22409,51.09715],[-114.22411,51.09718],[-114.22413,51.0972],[-114.22414,51.09723]]}},{"type":"Feature","properties":{"status":"detour","calgary_temporal_status":"FUTURE","start_date":"2026-09-14","end_date":"2026-09-16","detour_note":"BOWNESS PARK - TRAIL CONNECTION"},"geometry":{"type":"LineString","coordinates":[[-114.22375,51.09679],[-114.22367,51.09679],[-114.22357,51.09679],[-114.2235,51.09679],[-114.2234,51.0968],[-114.2233,51.0968],[-114.22322,51.0968],[-114.22313,51.09681],[-114.22306,51.09682],[-114.22298,51.09684],[-114.22291,51.09685],[-114.22281,51.09688],[-114.22275,51.0969],[-114.22278,51.09692],[-114.22281,51.09699],[-114.22283,51.09704],[-114.22286,51.0971],[-114.2229,51.09718],[-114.22294,51.09726],[-114.22296,51.0973],[-114.22298,51.09734],[-114.223,51.09738],[-114.22327,51.09732],[-114.22358,51.09728],[-114.22386,51.09725],[-114.22414,51.09723]]}},{"type":"Feature","properties":{"status":"closed","calgary_temporal_status":"FUTURE","start_date":"2026-11-02","end_date":"2026-11-29","detour_note":"PARKDALE BV NW - 30 ST TO 31 ST NW \u2014 Utility work related to feedermain construction. Please use provided road lane detour."},"geometry":{"type":"MultiLineString","coordinates":[[[-114.13002,51.05517],[-114.13002,51.05517],[-114.13014,51.0552],[-114.1304,51.05527],[-114.13041,51.05527],[-114.1306,51.05533],[-114.13086,51.0554],[-114.13088,51.0554],[-114.13097,51.05542],[-114.13111,51.05547],[-114.13111,51.05547],[-114.13139,51.05554],[-114.13179,51.05565],[-114.13195,51.0557],[-114.13195,51.0557],[-114.1321,51.05574],[-114.13229,51.05578],[-114.13245,51.05583],[-114.13245,51.05583],[-114.13257,51.05586],[-114.13288,51.05595],[-114.13293,51.05596],[-114.13301,51.05598],[-114.13314,51.05601],[-114.1333,51.05605],[-114.13333,51.05605],[-114.13363,51.05613],[-114.13371,51.05615],[-114.13393,51.05621]],[[-114.12998,51.05523],[-114.13001,51.05523],[-114.13007,51.05525],[-114.13007,51.05525],[-114.13013,51.05527],[-114.13022,51.05529],[-114.13032,51.05532],[-114.13043,51.05534],[-114.13054,51.05537],[-114.13056,51.05537],[-114.13065,51.0554],[-114.13075,51.05542],[-114.13084,51.05544],[-114.13085,51.05545],[-114.13095,51.05548],[-114.13103,51.05549],[-114.13105,51.0555],[-114.13115,51.05553],[-114.13125,51.05556],[-114.13129,51.05557],[-114.13134,51.05559],[-114.1314,51.05561],[-114.13145,51.05563],[-114.13149,51.05565],[-114.13151,51.05566],[-114.13157,51.05568],[-114.13165,51.05572],[-114.13173,51.05576],[-114.13175,51.05577],[-114.13181,51.05579],[-114.1319,51.05583],[-114.13202,51.05586],[-114.13203,51.05587],[-114.13212,51.05589],[-114.13218,51.05591],[-114.13221,51.05591],[-114.13231,51.05594],[-114.1324,51.05596],[-114.1325,51.05599],[-114.1326,51.05601],[-114.13264,51.05602],[-114.13304,51.05613]]]}},{"type":"Feature","properties":{"status":"detour","calgary_temporal_status":"FUTURE","start_date":"2026-11-02","end_date":"2026-11-29","detour_note":"PARKDALE BV NW - 30 ST TO 31 ST NW"},"geometry":{"type":"LineString","coordinates":[[-114.13393,51.05621],[-114.13396,51.05623],[-114.13398,51.05624],[-114.13402,51.05627],[-114.13406,51.0563],[-114.1341,51.05633],[-114.13413,51.05636],[-114.13416,51.05639],[-114.13419,51.05642],[-114.1342,51.05643],[-114.13418,51.05643],[-114.1341,51.05642],[-114.13401,51.0564],[-114.13399,51.05639],[-114.13392,51.05637],[-114.13382,51.05634],[-114.13372,51.05631],[-114.13362,51.05628],[-114.13358,51.05627],[-114.13353,51.05626],[-114.1335,51.05625],[-114.13314,51.05615],[-114.13304,51.05613],[-114.13289,51.05612],[-114.13276,51.05612],[-114.13215,51.05596],[-114.1318,51.05586],[-114.13147,51.05578],[-114.13128,51.05573],[-114.13102,51.05565],[-114.13059,51.05554],[-114.12999,51.05538],[-114.12986,51.05535],[-114.12994,51.05522],[-114.12997,51.05518],[-114.12999,51.05516]]}},{"type":"Feature","properties":{"status":"closed","calgary_temporal_status":"CURRENT","start_date":"2026-09-16","end_date":"2026-09-18","detour_note":"09H - OGDEN RD SE \u2014 Utility installation on behalf of Enmax. Pleae use provded detour."},"geometry":{"type":"LineString","coordinates":[[-114.01249,51.00302],[-114.01251,51.00308],[-114.01251,51.0031]]}},{"type":"Feature","properties":{"status":"detour","calgary_temporal_status":"CURRENT","start_date":"2026-09-16","end_date":"2026-09-18","detour_note":"09H - OGDEN RD SE"},"geometry":{"type":"LineString","coordinates":[[-114.01249,51.00302],[-114.01254,51.00302],[-114.01256,51.0031],[-114.01251,51.0031]]}},{"type":"Feature","properties":{"status":"closed","calgary_temporal_status":"CURRENT","start_date":"2026-08-13","end_date":"2026-12-31","detour_note":"FISH CREEK PARK - CENTRAL CORRIDOR PATHWAY PHASE 3 \u2014 Pathway rehabilitation and widening. Please follow all detour signage on site. Visit albertaparks.ca/parks/kananaskis/fish-creek-pp/ for more information."},"geometry":{"type":"MultiLineString","coordinates":[[[-114.07311,50.92947],[-114.07308,50.9295],[-114.07307,50.92951],[-114.07306,50.92953],[-114.073,50.9296],[-114.07298,50.92963],[-114.07298,50.92964],[-114.07298,50.92967],[-114.07298,50.92972],[-114.07299,50.92978],[-114.07299,50.92981],[-114.07299,50.92985],[-114.07297,50.9299],[-114.07293,50.93],[-114.0729,50.93006],[-114.07287,50.93016],[-114.07285,50.93026],[-114.07285,50.93029],[-114.07296,50.93033],[-114.07299,50.93034],[-114.07322,50.9304],[-114.07329,50.93041],[-114.07337,50.93043],[-114.07345,50.93046],[-114.07352,50.93048],[-114.0736,50.9305],[-114.07367,50.93053],[-114.07375,50.93055],[-114.07376,50.93056],[-114.07424,50.93073],[-114.07424,50.93073],[-114.07436,50.93078],[-114.07443,50.9308],[-114.07448,50.93082],[-114.07459,50.93086],[-114.07463,50.93088],[-114.07468,50.9309],[-114.07498,50.93104],[-114.07542,50.93123],[-114.07556,50.93127],[-114.07577,50.93133],[-114.07579,50.93133],[-114.07584,50.93135],[-114.07589,50.93136],[-114.0759,50.93136],[-114.07595,50.93137],[-114.07601,50.93138],[-114.07607,50.93138],[-114.07612,50.93139],[-114.07618,50.93139],[-114.07624,50.9314],[-114.0763,50.9314],[-114.07636,50.9314],[-114.07641,50.9314],[-114.07664,50.93139],[-114.07724,50.93135],[-114.0773,50.93135],[-114.07753,50.93133],[-114.07758,50.93133],[-114.07762,50.93133],[-114.07767,50.93133],[-114.07773,50.93133],[-114.07779,50.93133],[-114.07784,50.93133],[-114.0779,50.93133],[-114.07796,50.93134],[-114.07801,50.93135],[-114.07807,50.93135],[-114.07812,50.93136],[-114.07818,50.93138],[-114.07821,50.93138],[-114.07843,50.93145],[-114.07858,50.93149],[-114.07872,50.93154],[-114.079,50.93163],[-114.07917,50.93169],[-114.07928,50.93174],[-114.07939,50.93181],[-114.0795,50.93188],[-114.07964,50.93198],[-114.07979,50.93209],[-114.07996,50.9322],[-114.08006,50.93225],[-114.08017,50.93228],[-114.08022,50.9323],[-114.08032,50.93232],[-114.08041,50.93236],[-114.08049,50.93241],[-114.08065,50.93248],[-114.08089,50.93258],[-114.08098,50.93262],[-114.08109,50.93265],[-114.08111,50.93266],[-114.08126,50.93268],[-114.08144,50.93269],[-114.08159,50.93269],[-114.08174,50.93267],[-114.08184,50.93265],[-114.08185,50.93265],[-114.0819,50.93264],[-114.08193,50.93264],[-114.08197,50.93263],[-114.08203,50.93261],[-114.08212,50.93259],[-114.0822,50.93258],[-114.08227,50.93257],[-114.08235,50.93256],[-114.08242,50.93255],[-114.08247,50.93254],[-114.08252,50.93253],[-114.08258,50.93251],[-114.08264,50.93249],[-114.08267,50.93249],[-114.08271,50.93248],[-114.08277,50.93248],[-114.08282,50.93248],[-114.08287,50.93248],[-114.08296,50.93248],[-114.08302,50.93247],[-114.08308,50.93247],[-114.08313,50.93246],[-114.08318,50.93244],[-114.0832,50.93243],[-114.08324,50.93242],[-114.08325,50.93242],[-114.08328,50.93241],[-114.08333,50.93238],[-114.08336,50.93237],[-114.08342,50.93234],[-114.08347,50.93231],[-114.08351,50.9323],[-114.08354,50.93229],[-114.08357,50.93229],[-114.08361,50.93228],[-114.08362,50.93229],[-114.08363,50.9323],[-114.08365,50.93232],[-114.08367,50.93233],[-114.0837,50.93236],[-114.08373,50.93239],[-114.08377,50.93243],[-114.08379,50.93245],[-114.08383,50.93248],[-114.0839,50.93254],[-114.08393,50.93257],[-114.08396,50.9326],[-114.08401,50.93263],[-114.08404,50.93267],[-114.08409,50.93271],[-114.08412,50.93274],[-114.08417,50.93279],[-114.08422,50.93283],[-114.08426,50.93288],[-114.08431,50.93292],[-114.08434,50.93295],[-114.08438,50.93299],[-114.0844,50.93301],[-114.08444,50.93304],[-114.08447,50.93308],[-114.08451,50.93311],[-114.08454,50.93314],[-114.08457,50.93316],[-114.0846,50.93318],[-114.08468,50.93324],[-114.08473,50.93327],[-114.08478,50.93331],[-114.0849,50.9334],[-114.08505,50.93351]],[[-114.10529,50.93292],[-114.10528,50.93292],[-114.10524,50.93277],[-114.1052,50.93264],[-114.10518,50.93258],[-114.10517,50.93253],[-114.10516,50.93248],[-114.10518,50.93246],[-114.1052,50.93244],[-114.10524,50.93241],[-114.1053,50.93238],[-114.10536,50.93235],[-114.1054,50.93231],[-114.10542,50.93227],[-114.10545,50.9322],[-114.1055,50.93209],[-114.10553,50.932],[-114.10554,50.93196],[-114.10555,50.93191],[-114.10555,50.93184],[-114.10554,50.93179],[-114.10553,50.93176],[-114.10552,50.9317],[-114.10551,50.93163],[-114.10549,50.93158],[-114.10549,50.93153],[-114.10548,50.93145],[-114.10548,50.93136],[-114.10549,50.93124],[-114.10551,50.93122],[-114.10555,50.93118],[-114.10562,50.93112],[-114.10567,50.93105],[-114.1057,50.93097],[-114.10578,50.93099],[-114.10591,50.931],[-114.10607,50.93101],[-114.10624,50.93105],[-114.10642,50.93111],[-114.10642,50.93111],[-114.10658,50.93116],[-114.10672,50.93117],[-114.1068,50.93116],[-114.1069,50.93108],[-114.10698,50.93102],[-114.1071,50.93098],[-114.10725,50.93097],[-114.10752,50.93095],[-114.10772,50.93094],[-114.10781,50.93093],[-114.10789,50.93091],[-114.108,50.93089],[-114.10808,50.93088],[-114.10817,50.9309],[-114.10825,50.93091],[-114.10841,50.93096],[-114.10846,50.93099],[-114.1085,50.93103],[-114.10852,50.93107],[-114.10858,50.93117],[-114.10866,50.93133],[-114.10868,50.93138],[-114.10871,50.93143],[-114.10879,50.93158],[-114.10879,50.93159],[-114.10879,50.93159],[-114.1088,50.9316],[-114.1088,50.9316],[-114.1088,50.93162],[-114.10881,50.93162],[-114.10881,50.93163],[-114.10881,50.93164],[-114.10882,50.93165],[-114.10882,50.93166],[-114.10882,50.93166],[-114.10883,50.93167],[-114.10883,50.93168],[-114.10883,50.93169],[-114.10884,50.9317],[-114.10884,50.9317],[-114.10885,50.93171],[-114.10885,50.93171],[-114.10886,50.93172],[-114.10886,50.93173],[-114.10886,50.93174],[-114.10887,50.93174],[-114.10887,50.93174],[-114.10887,50.93175],[-114.10888,50.93176],[-114.10888,50.93176],[-114.10889,50.93177],[-114.10889,50.93178],[-114.1089,50.93179],[-114.1089,50.93179],[-114.10891,50.93179],[-114.10891,50.93179],[-114.10891,50.9318],[-114.10892,50.9318],[-114.10892,50.93181],[-114.10893,50.93181],[-114.10894,50.93181],[-114.10895,50.93182],[-114.10895,50.93182],[-114.10897,50.93183],[-114.10897,50.93183],[-114.10898,50.93183],[-114.10899,50.93184],[-114.109,50.93184],[-114.109,50.93184],[-114.10902,50.93184],[-114.10902,50.93184],[-114.10904,50.93185],[-114.10904,50.93185],[-114.10905,50.93185],[-114.10907,50.93185],[-114.10907,50.93185],[-114.10909,50.93185],[-114.10909,50.93185],[-114.10911,50.93185],[-114.10911,50.93185],[-114.10913,50.93185],[-114.10913,50.93185],[-114.10914,50.93185],[-114.10915,50.93185],[-114.10916,50.93185],[-114.10918,50.93185],[-114.10918,50.93184],[-114.1092,50.93184],[-114.1092,50.93184],[-114.10922,50.93184],[-114.10922,50.93183],[-114.10923,50.93183],[-114.10924,50.93183],[-114.10925,50.93182],[-114.10926,50.93182],[-114.10927,50.93181],[-114.10927,50.93181],[-114.10929,50.93181],[-114.10929,50.93181],[-114.1093,50.9318],[-114.1093,50.93179],[-114.10931,50.93179],[-114.10932,50.93178],[-114.10933,50.93177],[-114.10933,50.93177],[-114.10934,50.93177],[-114.10934,50.93176],[-114.10935,50.93176],[-114.10936,50.93175],[-114.10936,50.93175],[-114.10938,50.93173],[-114.10939,50.93173],[-114.1094,50.93171],[-114.1094,50.93171],[-114.10941,50.9317],[-114.10942,50.93169],[-114.10943,50.93168],[-114.10944,50.93167],[-114.10945,50.93167],[-114.10946,50.93165],[-114.10947,50.93164],[-114.10948,50.93164],[-114.10949,50.93162],[-114.10949,50.93162],[-114.10951,50.93161],[-114.10951,50.9316],[-114.10952,50.93159],[-114.10952,50.93159],[-114.10953,50.93158],[-114.10954,50.93157],[-114.10955,50.93156],[-114.10955,50.93156],[-114.10956,50.93155],[-114.10956,50.93155],[-114.10958,50.93153],[-114.10958,50.93153],[-114.10959,50.93152],[-114.10959,50.93151],[-114.1096,50.93151],[-114.10961,50.93149],[-114.10962,50.93149],[-114.10963,50.93148],[-114.10964,50.93147],[-114.10964,50.93147],[-114.10965,50.93146],[-114.10967,50.93145],[-114.10967,50.93145],[-114.10969,50.93144],[-114.1097,50.93143],[-114.10971,50.93142],[-114.10973,50.93141],[-114.10973,50.93141],[-114.10975,50.9314],[-114.10975,50.9314],[-114.10977,50.93139],[-114.10978,50.93138],[-114.10979,50.93138],[-114.10979,50.93137],[-114.1098,50.93137],[-114.1098,50.93137],[-114.1098,50.93137],[-114.10981,50.93137],[-114.10982,50.93137],[-114.10982,50.93137],[-114.10983,50.93136],[-114.10983,50.93136],[-114.10985,50.93136],[-114.10985,50.93136],[-114.10985,50.93136],[-114.10986,50.93136],[-114.10988,50.93136],[-114.10989,50.93136],[-114.10991,50.93136],[-114.10992,50.93135],[-114.10994,50.93135],[-114.10995,50.93135],[-114.10997,50.93135],[-114.10998,50.93135],[-114.11,50.93135],[-114.11003,50.93134],[-114.11005,50.93134],[-114.11007,50.93134],[-114.11008,50.93134],[-114.1101,50.93134],[-114.1101,50.93134],[-114.11013,50.93133],[-114.11013,50.93133],[-114.11015,50.93133],[-114.11021,50.93133],[-114.11026,50.93132],[-114.11037,50.93129],[-114.11045,50.93127],[-114.11047,50.93124],[-114.11049,50.93121],[-114.11054,50.93114],[-114.11058,50.93108],[-114.11063,50.93102],[-114.11066,50.93096],[-114.11068,50.93089],[-114.11069,50.93079],[-114.1107,50.93072],[-114.11069,50.93063],[-114.11069,50.93057],[-114.11068,50.93046],[-114.11068,50.9304],[-114.11068,50.93034],[-114.11069,50.93028],[-114.11071,50.93021],[-114.11074,50.93016],[-114.11077,50.93011],[-114.11082,50.93005],[-114.11088,50.93],[-114.11098,50.9299],[-114.11101,50.92988],[-114.11104,50.92985],[-114.11109,50.9298],[-114.11116,50.92969],[-114.11117,50.92966],[-114.11122,50.92954],[-114.11123,50.92952],[-114.11126,50.92947],[-114.11131,50.9294],[-114.11136,50.92936],[-114.11141,50.92932],[-114.11151,50.92925],[-114.11157,50.92922],[-114.11165,50.92919],[-114.11177,50.92916],[-114.11184,50.92914],[-114.1119,50.92911],[-114.11193,50.92909],[-114.11197,50.92906],[-114.11203,50.92901],[-114.11206,50.92897],[-114.11209,50.92892],[-114.11216,50.92894],[-114.11225,50.92895],[-114.11233,50.92896],[-114.11247,50.92899],[-114.1128,50.9291],[-114.11327,50.92923],[-114.11358,50.92929],[-114.11375,50.92932],[-114.11425,50.92945],[-114.11432,50.92947],[-114.11438,50.92948],[-114.11445,50.92949],[-114.11453,50.92947],[-114.11458,50.92946],[-114.1147,50.92944],[-114.11485,50.92941],[-114.11509,50.92934],[-114.11521,50.92931],[-114.11526,50.9293],[-114.11537,50.92927],[-114.11561,50.9292],[-114.1157,50.92918],[-114.11583,50.92915],[-114.11588,50.92915],[-114.11592,50.92907],[-114.11596,50.929],[-114.11597,50.92892],[-114.11603,50.92875],[-114.1161,50.92867],[-114.11614,50.92862],[-114.11618,50.92858]],[[-114.10529,50.93292],[-114.10527,50.93293]],[[-114.09748,50.93395],[-114.0976,50.93389],[-114.09771,50.93383],[-114.09779,50.93378],[-114.09797,50.9337],[-114.09806,50.93365],[-114.09818,50.93363],[-114.09831,50.93367],[-114.09861,50.93378],[-114.09886,50.93393],[-114.09925,50.93414],[-114.09957,50.93429],[-114.09963,50.93431],[-114.09967,50.93432],[-114.10021,50.93442],[-114.10049,50.93447],[-114.10075,50.9345],[-114.10105,50.93453],[-114.10151,50.93455],[-114.10155,50.93455],[-114.1017,50.93458],[-114.10181,50.9346],[-114.10214,50.93464],[-114.10257,50.93466],[-114.10307,50.93458],[-114.10321,50.93454],[-114.10344,50.93442],[-114.1035,50.93438],[-114.10359,50.93432],[-114.10366,50.93428],[-114.10372,50.93424],[-114.10379,50.93421],[-114.10389,50.93416],[-114.10402,50.9341],[-114.10412,50.93404],[-114.10419,50.93401],[-114.10423,50.93399],[-114.10441,50.9339],[-114.10454,50.93385],[-114.10466,50.93381],[-114.10473,50.93379],[-114.10482,50.93378],[-114.10499,50.93377],[-114.10515,50.93376],[-114.10528,50.93371],[-114.10539,50.93364],[-114.10543,50.93359],[-114.10545,50.93353],[-114.10545,50.93346],[-114.10543,50.93337],[-114.10539,50.93326],[-114.10536,50.93316],[-114.10532,50.93303],[-114.10531,50.93301],[-114.10529,50.93292]]]}},{"type":"Feature","properties":{"status":"closed","calgary_temporal_status":"FUTURE","start_date":"2026-09-23","end_date":"2026-09-23","detour_note":"GLENMORE PARK - GLENMORE LANDING ENTRANCE \u2014 Construction related to pathway realignment and removal. Partial closure only, flaggers will be present on site."},"geometry":{"type":"MultiLineString","coordinates":[[[-114.10497,50.97391],[-114.10491,50.97391],[-114.10488,50.97392],[-114.10486,50.97393],[-114.10482,50.97394],[-114.10475,50.97397],[-114.10467,50.97399],[-114.10458,50.97402],[-114.10447,50.97405],[-114.10445,50.97405]],[[-114.09999,50.974],[-114.10002,50.97401],[-114.10002,50.97401],[-114.10004,50.97401],[-114.10007,50.97401],[-114.10009,50.97401],[-114.10012,50.97401],[-114.10014,50.97401],[-114.10018,50.97401],[-114.10022,50.97401],[-114.1003,50.97401],[-114.10041,50.97401],[-114.10053,50.97401],[-114.10066,50.97402],[-114.10086,50.97403]],[[-114.10041,50.97443],[-114.10019,50.9745]]]}},{"type":"Feature","properties":{"status":"closed","calgary_temporal_status":"CURRENT","start_date":"2026-08-13","end_date":"2026-12-31","detour_note":"FISH CREEK PARK - CENTRAL CORRIDOR PATHWAY PHASE 3 \u2014 Pathway rehabilitation and widening. Please follow all detour signage on site. Visit albertaparks.ca/parks/kananaskis/fish-creek-pp/ for more information."},"geometry":{"type":"LineString","coordinates":[[-114.0683,50.9287],[-114.06834,50.92872],[-114.0684,50.92877],[-114.06846,50.9288],[-114.06854,50.92884],[-114.06865,50.92888],[-114.06879,50.92891],[-114.06894,50.92895],[-114.0691,50.92899],[-114.06925,50.92903],[-114.06934,50.92904],[-114.06937,50.92905],[-114.06942,50.92906],[-114.06946,50.92906],[-114.06952,50.92906],[-114.06968,50.92907],[-114.0699,50.92908],[-114.06993,50.92909],[-114.07011,50.92911],[-114.07022,50.92912],[-114.07028,50.92911],[-114.07038,50.92908],[-114.07055,50.929],[-114.07071,50.92894],[-114.07079,50.92891],[-114.07089,50.92888],[-114.07101,50.92886],[-114.07115,50.92884],[-114.07138,50.92883],[-114.07154,50.92882],[-114.07169,50.92881],[-114.07191,50.92881],[-114.07205,50.92882],[-114.07214,50.92884],[-114.07224,50.92885],[-114.07232,50.92887],[-114.07245,50.9289],[-114.07252,50.92892],[-114.07262,50.92894],[-114.07269,50.92896],[-114.07275,50.92897],[-114.07279,50.92897],[-114.07283,50.92896],[-114.07288,50.92895],[-114.07297,50.92892],[-114.07306,50.92888],[-114.07309,50.92891],[-114.0733,50.92904],[-114.07334,50.92908],[-114.07335,50.92911],[-114.07332,50.92917],[-114.07328,50.92925],[-114.07326,50.92929],[-114.07322,50.92933],[-114.07318,50.92938],[-114.07314,50.92943],[-114.07311,50.92947]]}},{"type":"Feature","properties":{"status":"closed","calgary_temporal_status":"CURRENT","start_date":"2026-08-13","end_date":"2026-12-31","detour_note":"FISH CREEK PARK - CENTRAL CORRIDOR PATHWAY PHASE 2 \u2014 Pathway rehabilitation and widening. Please follow all detour signage on site. Visit albertaparks.ca/parks/kananaskis/fish-creek-pp/ for more information."},"geometry":{"type":"LineString","coordinates":[[-114.0153,50.90839],[-114.01536,50.9084],[-114.01558,50.90846],[-114.01572,50.9085],[-114.01592,50.90856],[-114.01613,50.9086],[-114.01641,50.90865],[-114.01653,50.90867],[-114.01662,50.9087],[-114.0168,50.90877],[-114.01694,50.90882],[-114.01701,50.90883],[-114.01712,50.90885],[-114.01727,50.90887],[-114.01736,50.90889],[-114.01761,50.90893],[-114.01772,50.90895],[-114.01784,50.90896],[-114.01811,50.90897],[-114.01827,50.90898],[-114.01849,50.909],[-114.01868,50.90902],[-114.0188,50.90904],[-114.01889,50.90905],[-114.01921,50.90909],[-114.01947,50.90912],[-114.01973,50.90914],[-114.01998,50.90915],[-114.02012,50.90915],[-114.0203,50.90916],[-114.02062,50.90918],[-114.02079,50.9092],[-114.02091,50.90922],[-114.02108,50.90926],[-114.0212,50.90931],[-114.02134,50.90936],[-114.02147,50.9094],[-114.02159,50.90943],[-114.02176,50.90946],[-114.02219,50.9095],[-114.02236,50.90953],[-114.02259,50.90955],[-114.0227,50.90957],[-114.02282,50.90959],[-114.02295,50.90965],[-114.02325,50.90981],[-114.02334,50.90985],[-114.02347,50.90988],[-114.02356,50.90991],[-114.0236,50.90993],[-114.02363,50.90996],[-114.02373,50.90994],[-114.02397,50.90988],[-114.0242,50.90983],[-114.02443,50.90977],[-114.02479,50.90969],[-114.02549,50.90952],[-114.02616,50.90936],[-114.02645,50.9093],[-114.0268,50.90923],[-114.02697,50.9092],[-114.02712,50.90918],[-114.0272,50.90917],[-114.0276,50.90914],[-114.02796,50.9091],[-114.02832,50.90907],[-114.02847,50.90905],[-114.02868,50.90904],[-114.02885,50.90905],[-114.02893,50.90905],[-114.02909,50.90907],[-114.0293,50.9091],[-114.02947,50.90912],[-114.02969,50.90915],[-114.02997,50.9092],[-114.03021,50.90923],[-114.0304,50.90925],[-114.03064,50.90929],[-114.03094,50.90933],[-114.03118,50.90936],[-114.03137,50.90938],[-114.03163,50.90941],[-114.03208,50.90947],[-114.03238,50.90951],[-114.03276,50.90956],[-114.03278,50.90956],[-114.03312,50.90961],[-114.03327,50.90962],[-114.03397,50.90972],[-114.03447,50.90979],[-114.03477,50.90983],[-114.035,50.90987],[-114.03522,50.90991],[-114.03539,50.90995],[-114.03555,50.90999],[-114.03572,50.91005],[-114.03592,50.91011],[-114.03609,50.91017],[-114.03622,50.91023],[-114.0364,50.91032],[-114.03659,50.91042],[-114.03675,50.9105],[-114.03685,50.91057],[-114.03692,50.91063],[-114.037,50.91072],[-114.03728,50.91107],[-114.0374,50.91123],[-114.03746,50.91129],[-114.03756,50.91135],[-114.03773,50.91143],[-114.03784,50.91149],[-114.03799,50.91158],[-114.03802,50.91163],[-114.03812,50.91177],[-114.03821,50.91186],[-114.03828,50.91193],[-114.03839,50.91204],[-114.03846,50.91212],[-114.03857,50.91226],[-114.03882,50.91255],[-114.03894,50.91268],[-114.03904,50.91277],[-114.03916,50.91286],[-114.03933,50.91298],[-114.03949,50.91309],[-114.0397,50.91324],[-114.03981,50.91333],[-114.03985,50.91337],[-114.03989,50.91345],[-114.03992,50.91352],[-114.03996,50.91359],[-114.03999,50.91363],[-114.0401,50.9137],[-114.04016,50.91375],[-114.04025,50.91384],[-114.04039,50.91396],[-114.0405,50.91406],[-114.04055,50.91411],[-114.04074,50.91423],[-114.04086,50.91432],[-114.04104,50.9144],[-114.04135,50.91454],[-114.04158,50.91464],[-114.0417,50.91468],[-114.04183,50.9147],[-114.04186,50.91471],[-114.04201,50.91471],[-114.04216,50.9147],[-114.04225,50.91469],[-114.04237,50.91466],[-114.0425,50.91462],[-114.04267,50.91457],[-114.04284,50.91453],[-114.04298,50.91451],[-114.04308,50.91451],[-114.04319,50.91452],[-114.04333,50.91455],[-114.04347,50.91459],[-114.04355,50.91463],[-114.04365,50.91468],[-114.04423,50.915],[-114.04424,50.91502],[-114.04432,50.91507],[-114.04444,50.91514],[-114.04452,50.91521],[-114.04459,50.91528],[-114.04465,50.91536],[-114.04473,50.91546],[-114.04479,50.91557],[-114.04485,50.91569],[-114.04489,50.91581],[-114.04493,50.91596],[-114.04496,50.9161],[-114.04498,50.91629],[-114.04499,50.91654],[-114.04499,50.91698],[-114.04498,50.91708],[-114.04497,50.91719],[-114.04497,50.91725],[-114.04497,50.91735],[-114.04499,50.91748],[-114.04503,50.91768],[-114.04507,50.91788],[-114.0451,50.91796],[-114.04511,50.91798],[-114.04513,50.918],[-114.04519,50.91805],[-114.04532,50.91816],[-114.04558,50.91836],[-114.04581,50.91855],[-114.04603,50.91871],[-114.04636,50.9189],[-114.04653,50.91899],[-114.04721,50.91925],[-114.04748,50.91935],[-114.04779,50.91946],[-114.0478,50.91994],[-114.0478,50.91996],[-114.0478,50.91997],[-114.0478,50.91997],[-114.0478,50.91998],[-114.0478,50.91998],[-114.0478,50.91999],[-114.0478,50.92001],[-114.0478,50.92001],[-114.0478,50.92004],[-114.0478,50.92006],[-114.0478,50.92007],[-114.0478,50.9201],[-114.0478,50.92011],[-114.0478,50.92013],[-114.0478,50.92014],[-114.0478,50.92016],[-114.0478,50.92018],[-114.0478,50.92021],[-114.0478,50.92021],[-114.04779,50.92024],[-114.04779,50.92026],[-114.04779,50.92029],[-114.04778,50.92031],[-114.04778,50.92032],[-114.04777,50.92035],[-114.04777,50.92035],[-114.04777,50.92036],[-114.04777,50.92037],[-114.04776,50.92038],[-114.04776,50.92038],[-114.04776,50.92039],[-114.04777,50.9204],[-114.04772,50.92042],[-114.04765,50.92042],[-114.04764,50.92043],[-114.04763,50.92043],[-114.04761,50.92044],[-114.04761,50.92044],[-114.04759,50.92046],[-114.04758,50.92047],[-114.04757,50.92047],[-114.04755,50.92048],[-114.04753,50.9205],[-114.04752,50.9205],[-114.04749,50.92052],[-114.04749,50.92053],[-114.04746,50.92055],[-114.04745,50.92057],[-114.04744,50.92058],[-114.04741,50.92061],[-114.0474,50.92061],[-114.04738,50.92064],[-114.04737,50.92064],[-114.04736,50.92065],[-114.04735,50.92066],[-114.04733,50.92067],[-114.04733,50.92067],[-114.04732,50.92068],[-114.0473,50.92069],[-114.04729,50.92069],[-114.04728,50.92069],[-114.04728,50.92072],[-114.04728,50.92072],[-114.04728,50.92075],[-114.04728,50.92076],[-114.04728,50.92077],[-114.04729,50.92079],[-114.04729,50.92081],[-114.0473,50.92082],[-114.04731,50.92086],[-114.04731,50.92087],[-114.04733,50.9209],[-114.04734,50.92092],[-114.04735,50.92095],[-114.04736,50.92097],[-114.04737,50.92099],[-114.04738,50.92102],[-114.04738,50.92102],[-114.0474,50.92105],[-114.04741,50.92105],[-114.04742,50.92108],[-114.04743,50.92108],[-114.04745,50.92111],[-114.04746,50.92112],[-114.04747,50.92112],[-114.04748,50.92113],[-114.0475,50.92114],[-114.04752,50.92116],[-114.04755,50.92118],[-114.04755,50.92118],[-114.04759,50.9212],[-114.0476,50.9212],[-114.04763,50.92122],[-114.04765,50.92123],[-114.0477,50.92125],[-114.04774,50.92126],[-114.04774,50.92126],[-114.04774,50.92127],[-114.04774,50.92127],[-114.04783,50.92129],[-114.04787,50.9213],[-114.04793,50.92131],[-114.04798,50.92132],[-114.0481,50.92134],[-114.04811,50.92134],[-114.04825,50.92134],[-114.04825,50.92134],[-114.0484,50.92133],[-114.04842,50.92133],[-114.04844,50.92133],[-114.04848,50.92133],[-114.04858,50.92132],[-114.04863,50.92131],[-114.04864,50.92131],[-114.04868,50.92131],[-114.0487,50.9213],[-114.04876,50.9213],[-114.04878,50.9213],[-114.04885,50.92129],[-114.04896,50.92129],[-114.04908,50.92129],[-114.04916,50.92129],[-114.04954,50.9213],[-114.0497,50.9213],[-114.04996,50.92131],[-114.05002,50.92131],[-114.05031,50.9213],[-114.05031,50.9213],[-114.05045,50.9213],[-114.05053,50.92131],[-114.05062,50.92131],[-114.0507,50.92132],[-114.05078,50.92133],[-114.05086,50.92134],[-114.05094,50.92135],[-114.05102,50.92137],[-114.05121,50.92141],[-114.05123,50.92141],[-114.05146,50.92148],[-114.05147,50.92149],[-114.0516,50.92154],[-114.05165,50.92156],[-114.05176,50.9216],[-114.05177,50.92161],[-114.05187,50.92166],[-114.05188,50.92166],[-114.05189,50.92167],[-114.05202,50.92174],[-114.05203,50.92175],[-114.05211,50.92179],[-114.05216,50.92182],[-114.0522,50.92184],[-114.05223,50.92185],[-114.05227,50.92187],[-114.05232,50.92188],[-114.05235,50.92189],[-114.05242,50.92191],[-114.05246,50.92192],[-114.05275,50.92198],[-114.05284,50.922],[-114.053,50.92203],[-114.05302,50.92203],[-114.05309,50.92205],[-114.0532,50.92208],[-114.05334,50.92212],[-114.05341,50.92214],[-114.0536,50.9222],[-114.05363,50.92221],[-114.05386,50.92228],[-114.0539,50.92229],[-114.05415,50.92236],[-114.05433,50.92241],[-114.05439,50.92243],[-114.05452,50.92246],[-114.05473,50.92252],[-114.05484,50.92255],[-114.05494,50.92257],[-114.05507,50.9226],[-114.05512,50.92262],[-114.05514,50.92262],[-114.05518,50.92263],[-114.05521,50.92264],[-114.05523,50.92264],[-114.05524,50.92264],[-114.05526,50.92265],[-114.05527,50.92265],[-114.05529,50.92265],[-114.0553,50.92266],[-114.05531,50.92266],[-114.05532,50.92266],[-114.05532,50.92266],[-114.05534,50.92266],[-114.05535,50.92267],[-114.05536,50.92267],[-114.05537,50.92267],[-114.05538,50.92267],[-114.05539,50.92267],[-114.0554,50.92268],[-114.05541,50.92268],[-114.05542,50.92268],[-114.05544,50.92268],[-114.05545,50.92268],[-114.05547,50.92269],[-114.05549,50.92269],[-114.05551,50.92269],[-114.05552,50.92269],[-114.05553,50.92269],[-114.05555,50.9227],[-114.05558,50.9227],[-114.05561,50.9227],[-114.05563,50.92271],[-114.05571,50.92272],[-114.05572,50.92272],[-114.05574,50.92272],[-114.05576,50.92272],[-114.05578,50.92272],[-114.05581,50.92273],[-114.05583,50.92273],[-114.05586,50.92273],[-114.05592,50.92274],[-114.05593,50.92274],[-114.05595,50.92274],[-114.05597,50.92275],[-114.05599,50.92275],[-114.056,50.92275],[-114.05602,50.92275],[-114.05603,50.92275],[-114.05604,50.92275],[-114.05604,50.92275],[-114.05609,50.92276],[-114.05614,50.92276],[-114.0562,50.92277],[-114.05626,50.92278],[-114.05628,50.92278],[-114.05646,50.9228],[-114.05664,50.92281],[-114.05685,50.92281],[-114.05687,50.92281],[-114.0569,50.92282],[-114.05707,50.92282],[-114.0571,50.92282],[-114.05711,50.92282],[-114.05716,50.92283],[-114.05718,50.92283],[-114.0574,50.92283],[-114.05747,50.92283],[-114.05755,50.92284],[-114.05756,50.92284],[-114.05762,50.92284],[-114.05763,50.92285],[-114.05767,50.92285],[-114.05769,50.92286],[-114.05772,50.92287],[-114.05773,50.92287],[-114.05777,50.92289],[-114.0578,50.9229],[-114.05784,50.92292],[-114.05789,50.92295],[-114.05794,50.92298],[-114.05795,50.92299],[-114.05805,50.92304],[-114.05805,50.92304],[-114.05813,50.92309],[-114.05813,50.92309],[-114.05818,50.92312],[-114.05824,50.92315],[-114.05827,50.92316],[-114.0583,50.92317],[-114.05832,50.92317],[-114.05835,50.92318],[-114.05841,50.92319],[-114.05846,50.92319],[-114.05852,50.9232],[-114.0586,50.9232],[-114.05877,50.92319],[-114.05895,50.92318],[-114.05908,50.92317],[-114.05917,50.92318],[-114.05922,50.92318],[-114.0593,50.9232],[-114.05942,50.92322],[-114.05942,50.92322],[-114.05975,50.92331],[-114.05979,50.92332],[-114.05992,50.92336],[-114.05994,50.92336],[-114.05994,50.92336],[-114.05996,50.92336]]}},{"type":"Feature","properties":{"status":"closed","calgary_temporal_status":"CURRENT","start_date":"2026-08-13","end_date":"2026-12-31","detour_note":"FISH CREEK PARK - CENTRAL CORRIDOR PATHWAY PHASE 3 \u2014 Pathway rehabilitation and widening. Please follow all detour signage on site. Visit albertaparks.ca/parks/kananaskis/fish-creek-pp/ for more information."},"geometry":{"type":"LineString","coordinates":[[-114.01813,50.90036],[-114.01809,50.90044],[-114.01798,50.90065],[-114.01796,50.9007],[-114.01787,50.90099],[-114.01778,50.90129],[-114.01761,50.90184],[-114.01756,50.90198],[-114.01751,50.90209],[-114.01746,50.90219],[-114.01739,50.90231],[-114.01724,50.90259],[-114.0171,50.90284],[-114.01708,50.90288],[-114.01705,50.9029],[-114.01699,50.90293],[-114.0169,50.90298],[-114.01685,50.903],[-114.01684,50.90301],[-114.01682,50.90303],[-114.01677,50.90308],[-114.01672,50.90317],[-114.01667,50.90327],[-114.01666,50.90332],[-114.01662,50.90345],[-114.01656,50.90367],[-114.01641,50.90415],[-114.01623,50.90473],[-114.01616,50.90496],[-114.01612,50.90507],[-114.01607,50.90518],[-114.01601,50.90532],[-114.01591,50.90551],[-114.01579,50.90577],[-114.01577,50.90583],[-114.01571,50.9059],[-114.0157,50.90594],[-114.01561,50.90608],[-114.01557,50.90613],[-114.01546,50.90623],[-114.01532,50.90637],[-114.01531,50.9064],[-114.01532,50.90643],[-114.01534,50.90646],[-114.01538,50.9065],[-114.01544,50.90657],[-114.01547,50.9066],[-114.01551,50.90666],[-114.01553,50.90671],[-114.01554,50.90678],[-114.01554,50.90685],[-114.01553,50.90692],[-114.01551,50.90699],[-114.01548,50.90706],[-114.01543,50.9072],[-114.01538,50.90736],[-114.01534,50.90746],[-114.01521,50.90793],[-114.01518,50.90801],[-114.01514,50.90813],[-114.01511,50.90823],[-114.01511,50.90826],[-114.01514,50.90829],[-114.01526,50.90837],[-114.0153,50.90839]]}},{"type":"Feature","properties":{"status":"detour","calgary_temporal_status":"CURRENT","start_date":"2026-09-18","end_date":"2026-10-02","detour_note":"BAYVIEW - 24 ST TO BAYVIEW DR SW"},"geometry":{"type":"MultiLineString","coordinates":[[[-114.11774,50.97232],[-114.11774,50.97235],[-114.11773,50.97238],[-114.11773,50.9724],[-114.11773,50.9724],[-114.11773,50.97243],[-114.11773,50.97243]],[[-114.11774,50.97232],[-114.11781,50.97207],[-114.1177,50.97204],[-114.11767,50.97207],[-114.11762,50.97209],[-114.11756,50.97211],[-114.11656,50.97211],[-114.11431,50.97211],[-114.11401,50.97211],[-114.11276,50.97211],[-114.11191,50.97212],[-114.11192,50.97238],[-114.11191,50.97238],[-114.11186,50.97238],[-114.11186,50.97238],[-114.11177,50.97238],[-114.11168,50.97238],[-114.11168,50.97238],[-114.11158,50.97238],[-114.11137,50.97238],[-114.11129,50.97238],[-114.11078,50.97238],[-114.11072,50.97238],[-114.1107,50.97238],[-114.11037,50.97238],[-114.10937,50.97239],[-114.10936,50.97239],[-114.1093,50.97239],[-114.10929,50.97239],[-114.10924,50.97238],[-114.10923,50.97238],[-114.10912,50.97238],[-114.10903,50.97238],[-114.10907,50.97241],[-114.10907,50.97248],[-114.10907,50.9729],[-114.10909,50.97302],[-114.10917,50.97318],[-114.10922,50.97326],[-114.10923,50.9733],[-114.1092,50.97335],[-114.10896,50.97342],[-114.10872,50.97347],[-114.10833,50.97346],[-114.10819,50.97345],[-114.10797,50.9734],[-114.10782,50.97335],[-114.10768,50.97331],[-114.10757,50.97327],[-114.10734,50.97319],[-114.10725,50.9733],[-114.10711,50.97347],[-114.10698,50.97364],[-114.10691,50.97369],[-114.10686,50.97371],[-114.10682,50.97372],[-114.10619,50.97384],[-114.10599,50.97387],[-114.10605,50.97389],[-114.10614,50.9739]],[[-114.10612,50.9739],[-114.10614,50.9739]],[[-114.10614,50.9739],[-114.10621,50.97391],[-114.10629,50.97392],[-114.10638,50.97393],[-114.10646,50.97394],[-114.10654,50.97395],[-114.10662,50.97397],[-114.1067,50.974],[-114.10677,50.97402],[-114.10685,50.97404],[-114.10689,50.97405],[-114.10698,50.97407],[-114.10706,50.97408],[-114.10708,50.97408],[-114.10711,50.97408],[-114.10713,50.97409],[-114.10721,50.9741],[-114.10728,50.97412],[-114.10734,50.97415],[-114.1074,50.97418],[-114.10747,50.97421],[-114.10754,50.97423],[-114.10761,50.97425],[-114.10768,50.97428],[-114.10776,50.9743],[-114.10783,50.97433],[-114.1079,50.97435],[-114.10797,50.97438],[-114.10804,50.97441],[-114.10809,50.97443],[-114.10811,50.97444],[-114.10818,50.97447],[-114.10824,50.97449],[-114.10831,50.97452],[-114.10837,50.97455],[-114.10843,50.97459],[-114.1085,50.97462],[-114.10857,50.97464],[-114.10865,50.97466],[-114.10872,50.97468],[-114.1088,50.97471],[-114.10888,50.97473],[-114.10895,50.97475],[-114.10903,50.97477],[-114.1091,50.97478],[-114.10911,50.97479],[-114.10919,50.9748],[-114.10927,50.97482],[-114.10933,50.97486],[-114.1094,50.97488],[-114.10946,50.97492],[-114.10952,50.97496],[-114.10958,50.975],[-114.10963,50.97505],[-114.10966,50.97508],[-114.10971,50.97513],[-114.10976,50.97517],[-114.10984,50.97521],[-114.1099,50.97525],[-114.10993,50.97527],[-114.10993,50.97527],[-114.10995,50.97529],[-114.10999,50.97534],[-114.11003,50.97539],[-114.11009,50.97543],[-114.11016,50.97546],[-114.11024,50.97547],[-114.11032,50.97549],[-114.1104,50.97552],[-114.11047,50.97555],[-114.11054,50.97559],[-114.11068,50.97565],[-114.11075,50.97568],[-114.1108,50.97569],[-114.11083,50.9757],[-114.11083,50.97571],[-114.11092,50.97572],[-114.111,50.97573],[-114.11109,50.97572],[-114.11118,50.97572],[-114.11127,50.97571],[-114.11135,50.97572],[-114.11144,50.97573],[-114.11151,50.97576],[-114.11157,50.9758],[-114.11161,50.97585],[-114.11164,50.9759],[-114.11166,50.97595],[-114.11169,50.97601],[-114.11169,50.97602],[-114.11171,50.97606],[-114.11174,50.97612],[-114.11178,50.97617],[-114.11183,50.97622],[-114.1119,50.97625],[-114.11198,50.97627],[-114.11207,50.97628],[-114.11207,50.97628],[-114.11215,50.97628],[-114.11224,50.97627],[-114.11233,50.97626],[-114.1124,50.97626],[-114.11249,50.97625],[-114.11258,50.97626],[-114.11262,50.97628],[-114.11265,50.97629],[-114.11269,50.97633],[-114.11273,50.97638],[-114.11276,50.97643],[-114.1128,50.97648],[-114.11283,50.97653],[-114.11287,50.97658],[-114.11291,50.97663],[-114.11294,50.97668],[-114.11298,50.97673],[-114.11301,50.97678],[-114.11305,50.97683],[-114.11308,50.97688],[-114.11312,50.97693],[-114.11312,50.97694],[-114.11315,50.97698],[-114.11319,50.97703],[-114.11323,50.97708],[-114.11327,50.97713],[-114.11331,50.97718],[-114.11335,50.97723],[-114.11339,50.97728],[-114.11342,50.97733],[-114.11346,50.97738],[-114.11349,50.97743],[-114.11352,50.97748],[-114.11355,50.97754],[-114.11358,50.97759],[-114.11359,50.9776],[-114.11362,50.97764],[-114.11367,50.97769],[-114.11371,50.97773],[-114.11377,50.97777],[-114.11384,50.97781],[-114.11393,50.97782],[-114.11402,50.97781],[-114.11411,50.97779],[-114.11419,50.97777],[-114.11428,50.97775],[-114.11436,50.97773],[-114.11445,50.97771],[-114.11454,50.9777],[-114.11455,50.97769],[-114.11467,50.97767],[-114.11477,50.97764],[-114.11487,50.97762],[-114.11495,50.97761],[-114.11503,50.9776],[-114.11512,50.9776],[-114.11519,50.9776],[-114.11521,50.9776],[-114.1153,50.9776],[-114.11539,50.97761],[-114.11547,50.97761],[-114.11556,50.97761],[-114.11565,50.97761],[-114.1157,50.97761],[-114.11574,50.97762],[-114.11593,50.97762],[-114.11611,50.97762],[-114.1162,50.97762],[-114.11629,50.97763],[-114.11638,50.97763],[-114.11648,50.97763],[-114.11656,50.97763],[-114.11657,50.97763],[-114.11665,50.97764],[-114.11674,50.97764],[-114.11684,50.97765],[-114.11686,50.97765],[-114.11692,50.97766],[-114.11701,50.97767],[-114.1171,50.97768],[-114.11719,50.9777],[-114.11727,50.97771],[-114.11736,50.97772],[-114.11737,50.97772],[-114.11743,50.97773],[-114.11747,50.97773],[-114.1175,50.97772],[-114.11754,50.9777],[-114.11757,50.97767],[-114.11757,50.97766],[-114.11758,50.97764],[-114.11758,50.97764],[-114.11758,50.97761],[-114.11756,50.97757],[-114.11754,50.97752],[-114.11753,50.97749],[-114.11753,50.97744],[-114.11753,50.97742],[-114.11753,50.97737],[-114.11754,50.9773],[-114.11755,50.97725],[-114.11757,50.97717],[-114.1176,50.97709],[-114.11762,50.97702],[-114.11764,50.97698],[-114.11765,50.97693],[-114.11768,50.97689],[-114.11772,50.97683],[-114.11775,50.97679],[-114.11778,50.97674],[-114.1178,50.97671],[-114.11781,50.97669],[-114.11783,50.97663],[-114.11785,50.97658],[-114.11784,50.97654],[-114.11784,50.97652],[-114.11782,50.97646],[-114.11781,50.97644],[-114.1178,50.97642],[-114.11779,50.97641],[-114.11777,50.97635],[-114.11775,50.97629],[-114.11774,50.97623],[-114.11774,50.97617],[-114.11776,50.97609],[-114.11779,50.97601],[-114.1178,50.97599],[-114.11781,50.97598],[-114.11782,50.97595],[-114.11785,50.97589],[-114.11787,50.97583],[-114.11788,50.97575],[-114.11788,50.97568],[-114.11789,50.97561],[-114.11789,50.97554],[-114.11791,50.97548],[-114.11794,50.97542],[-114.11795,50.97538],[-114.118,50.97531],[-114.11803,50.97527],[-114.11803,50.97527],[-114.11806,50.97524],[-114.11809,50.97521],[-114.11809,50.97521],[-114.11809,50.97521],[-114.11813,50.97516],[-114.11818,50.97512],[-114.11823,50.97508],[-114.1183,50.97502],[-114.11836,50.97499],[-114.11841,50.97498],[-114.11841,50.97498],[-114.11852,50.97494],[-114.11859,50.97492],[-114.11867,50.97489],[-114.11868,50.97489],[-114.11872,50.97488],[-114.11874,50.97488],[-114.11883,50.97486],[-114.11888,50.97485],[-114.11895,50.97484],[-114.119,50.97482],[-114.11904,50.97481],[-114.11903,50.97479],[-114.11903,50.97479],[-114.11903,50.97478],[-114.11901,50.97476],[-114.11899,50.97471],[-114.11896,50.97466],[-114.11893,50.97461],[-114.1189,50.97457],[-114.1189,50.97457],[-114.11888,50.97452],[-114.11885,50.97447],[-114.11883,50.97441],[-114.11883,50.9744],[-114.11882,50.9744],[-114.11881,50.97436],[-114.1188,50.97431],[-114.1188,50.97426],[-114.1188,50.97421],[-114.1188,50.9742],[-114.11881,50.97416],[-114.11881,50.97415],[-114.11882,50.97412],[-114.11883,50.97411],[-114.11885,50.97406],[-114.11888,50.97401],[-114.1189,50.97396],[-114.11892,50.97391],[-114.11895,50.97386],[-114.11898,50.97382],[-114.11902,50.97377],[-114.11906,50.97373],[-114.11909,50.97371],[-114.11911,50.97369],[-114.11916,50.97365],[-114.11918,50.97364],[-114.11921,50.97361],[-114.11925,50.97357],[-114.1193,50.97353],[-114.11933,50.97349],[-114.11936,50.97343],[-114.11937,50.97339],[-114.11938,50.97337],[-114.11939,50.97332],[-114.1194,50.97328],[-114.11941,50.97324],[-114.11944,50.97319],[-114.11948,50.97314],[-114.11948,50.97314],[-114.11948,50.97314],[-114.11948,50.97314],[-114.11948,50.97313],[-114.11948,50.97285],[-114.11948,50.97285],[-114.11929,50.97271],[-114.1189,50.97242],[-114.1189,50.97242],[-114.1189,50.97242],[-114.11885,50.97238],[-114.11882,50.97237],[-114.1188,50.97236],[-114.11875,50.97236],[-114.11852,50.97235],[-114.11832,50.97235],[-114.1183,50.97235],[-114.1183,50.97234],[-114.11828,50.97234],[-114.11824,50.97234],[-114.1182,50.97233],[-114.11819,50.97233],[-114.11807,50.97233],[-114.11803,50.97233],[-114.11787,50.97232],[-114.11781,50.97232],[-114.11774,50.97232]]]}},{"type":"Feature","properties":{"status":"closed","calgary_temporal_status":"CURRENT","start_date":"2026-10-02","end_date":"2026-10-06","detour_note":"HIDDEN VALLEY - HIDDEN VALLEY PL NW  \u2014 Pathway and Curb Rehabilitation. Please use provided detour. "},"geometry":{"type":"LineString","coordinates":[[-114.10425,51.15509],[-114.10425,51.15509],[-114.10397,51.15519],[-114.10381,51.15525],[-114.10371,51.15528],[-114.1035,51.15536],[-114.1035,51.15536],[-114.10338,51.15541],[-114.10333,51.15542],[-114.10321,51.15546],[-114.10316,51.15548],[-114.10304,51.15552],[-114.10293,51.15557],[-114.10291,51.15557],[-114.10283,51.1556],[-114.1028,51.15561],[-114.10276,51.15562],[-114.1026,51.15568],[-114.10255,51.1557],[-114.10244,51.15574],[-114.10239,51.15576],[-114.10228,51.1558],[-114.10227,51.1558],[-114.10223,51.15581],[-114.1021,51.15586],[-114.10207,51.15587],[-114.1019,51.15593],[-114.10178,51.15598],[-114.10172,51.156],[-114.10166,51.15602],[-114.10161,51.15604],[-114.10146,51.15609],[-114.10142,51.15611],[-114.1014,51.15612],[-114.1014,51.15612],[-114.10123,51.15618],[-114.10099,51.15626],[-114.10098,51.15626],[-114.10097,51.15627],[-114.10097,51.15627],[-114.10079,51.15633],[-114.10073,51.15635],[-114.10071,51.15638]]}},{"type":"Feature","properties":{"status":"detour","calgary_temporal_status":"CURRENT","start_date":"2026-10-02","end_date":"2026-10-06","detour_note":"HIDDEN VALLEY - HIDDEN VALLEY PL NW"},"geometry":{"type":"LineString","coordinates":[[-114.10071,51.15638],[-114.10052,51.15618],[-114.10059,51.15615],[-114.10099,51.15601],[-114.10105,51.15599],[-114.10109,51.15598],[-114.10119,51.15594],[-114.10173,51.15575],[-114.10199,51.15566],[-114.10211,51.15562],[-114.10223,51.15557],[-114.10235,51.15553],[-114.10253,51.15546],[-114.10259,51.15544],[-114.10288,51.15533],[-114.1031,51.15525],[-114.10313,51.15524],[-114.10318,51.15522],[-114.10328,51.15519],[-114.10328,51.15519],[-114.10339,51.15515],[-114.10352,51.1551],[-114.10353,51.1551],[-114.10362,51.15506],[-114.10363,51.15506],[-114.10376,51.15501],[-114.10387,51.15497],[-114.10394,51.15495],[-114.10408,51.1549],[-114.1041,51.15489],[-114.1041,51.15489],[-114.10425,51.15509]]}},{"type":"Feature","properties":{"status":"closed","calgary_temporal_status":"CURRENT","start_date":"2026-09-21","detour_note":"STRATHCONA RAVINE BOARDWALK \u2014 Closed due to safety hazards, and will be reopened once repaired."},"geometry":{"type":"LineString","coordinates":[[-114.18693,51.04591],[-114.18689,51.04587],[-114.18688,51.04585],[-114.18686,51.04582],[-114.18684,51.04576],[-114.18682,51.04571],[-114.18681,51.04561],[-114.18684,51.04555],[-114.18686,51.04551],[-114.18686,51.04549],[-114.18684,51.04547],[-114.1868,51.04543],[-114.18677,51.04539],[-114.18675,51.04538],[-114.18673,51.04535],[-114.18672,51.04532],[-114.18671,51.04523],[-114.18667,51.04508],[-114.18665,51.04495],[-114.18663,51.04489],[-114.18661,51.04484],[-114.18661,51.04474],[-114.18661,51.04464],[-114.18659,51.04458],[-114.18658,51.04454],[-114.18654,51.04449],[-114.18652,51.04445],[-114.1865,51.04435],[-114.18645,51.04429],[-114.18644,51.04427],[-114.18637,51.04423],[-114.18631,51.0442],[-114.18623,51.04417],[-114.1862,51.04416],[-114.18617,51.04416],[-114.18616,51.04416],[-114.18613,51.04416],[-114.18606,51.04417],[-114.18597,51.0442],[-114.18591,51.04421],[-114.18586,51.04421],[-114.18577,51.0442],[-114.18568,51.04418],[-114.18562,51.04417],[-114.18552,51.04413],[-114.18541,51.04408],[-114.18532,51.04404],[-114.18527,51.04403],[-114.18518,51.04402],[-114.18515,51.04402],[-114.18504,51.04402],[-114.18496,51.04402],[-114.18487,51.04402],[-114.18482,51.04403],[-114.18475,51.04404],[-114.18468,51.04404],[-114.1845,51.04403],[-114.18438,51.04403],[-114.18432,51.04402],[-114.18422,51.04401],[-114.18412,51.04398],[-114.18407,51.04397],[-114.18401,51.04395],[-114.18391,51.04394],[-114.18388,51.04394],[-114.18375,51.04393],[-114.18364,51.04391],[-114.18354,51.04389],[-114.18347,51.04388],[-114.18343,51.04387],[-114.18334,51.04385],[-114.18326,51.04385],[-114.18319,51.04383],[-114.18313,51.0438],[-114.18304,51.04378],[-114.18296,51.04374],[-114.18288,51.04371],[-114.1828,51.04368],[-114.18275,51.04365],[-114.1827,51.04362],[-114.18264,51.04359],[-114.18259,51.04357],[-114.1825,51.04351],[-114.18246,51.04348],[-114.18242,51.04347],[-114.1824,51.04345],[-114.18236,51.04342],[-114.18226,51.04337],[-114.18219,51.04334],[-114.18213,51.04332],[-114.18208,51.04329],[-114.18204,51.04326],[-114.18201,51.04323],[-114.18199,51.0432],[-114.18196,51.04317],[-114.18188,51.04313],[-114.18184,51.0431],[-114.18179,51.04307],[-114.18175,51.04305]]}},{"type":"Feature","properties":{"status":"closed","calgary_temporal_status":"FUTURE","start_date":"2026-09-28","end_date":"2026-10-05","detour_note":"36 ST NE - 20 AV NE TO SUNRIDGE WY NE \u2014 Pathway closed for curb ramp construction. Please use the provided detour."},"geometry":{"type":"LineString","coordinates":[[-113.98215,51.07132],[-113.98213,51.07131],[-113.9821,51.07129],[-113.98209,51.07127],[-113.9821,51.0712],[-113.98211,51.07107],[-113.98212,51.07099],[-113.98216,51.07078],[-113.98217,51.0707],[-113.9822,51.07057],[-113.9822,51.07053],[-113.98214,51.07047],[-113.98213,51.07046],[-113.98213,51.07044],[-113.98213,51.07041],[-113.98213,51.07036],[-113.98214,51.07034],[-113.98217,51.0703],[-113.9822,51.07025],[-113.98222,51.07022],[-113.98223,51.07016],[-113.98226,51.07],[-113.98228,51.06983],[-113.98229,51.06967],[-113.98231,51.06951],[-113.98233,51.06937],[-113.98235,51.06918]]}},{"type":"Feature","properties":{"status":"detour","calgary_temporal_status":"FUTURE","start_date":"2026-09-28","end_date":"2026-10-05","detour_note":"36 ST NE - 20 AV NE TO SUNRIDGE WY NE \u2014 Pathway closed for curb ramp construction. Please use the provided detour."},"geometry":{"type":"LineString","coordinates":[[-113.98235,51.06918],[-113.98239,51.069],[-113.98245,51.06885],[-113.98251,51.06875],[-113.98259,51.06863],[-113.98272,51.06847],[-113.98275,51.06843],[-113.98282,51.06837],[-113.98288,51.06832],[-113.98288,51.06832],[-113.98292,51.06828],[-113.98298,51.06817],[-113.98299,51.06814],[-113.9831,51.06813],[-113.98323,51.06815],[-113.98337,51.06818],[-113.98346,51.06819],[-113.98352,51.0682],[-113.98363,51.06822],[-113.9838,51.06827],[-113.98405,51.06834],[-113.9843,51.06841],[-113.98442,51.06844],[-113.98454,51.06847],[-113.98477,51.06853],[-113.98498,51.06859],[-113.9852,51.06864],[-113.98543,51.06868],[-113.98566,51.06873],[-113.9858,51.06875],[-113.98587,51.06877],[-113.98589,51.06879],[-113.9859,51.06881],[-113.98591,51.06883],[-113.98593,51.06886],[-113.98593,51.0689],[-113.98592,51.06894],[-113.98589,51.06898],[-113.98573,51.0692],[-113.98563,51.06934],[-113.98557,51.06947],[-113.98554,51.06953],[-113.98552,51.06954],[-113.98552,51.06957],[-113.98552,51.06959],[-113.98552,51.06964],[-113.98551,51.06975],[-113.9855,51.06979],[-113.98548,51.06981],[-113.98545,51.06983],[-113.98544,51.06996],[-113.98546,51.06998],[-113.98548,51.07],[-113.98548,51.07001],[-113.98546,51.07021],[-113.98544,51.07037],[-113.98543,51.0704],[-113.9854,51.07042],[-113.98538,51.07056],[-113.9854,51.07058],[-113.98541,51.07061],[-113.98541,51.07064],[-113.9854,51.07085],[-113.9854,51.07091],[-113.98539,51.07093],[-113.98538,51.07095],[-113.98539,51.07097],[-113.98539,51.07099],[-113.9854,51.071],[-113.9854,51.07105],[-113.9854,51.07117],[-113.98539,51.07121],[-113.98534,51.07124],[-113.98529,51.07126],[-113.98526,51.07152],[-113.9852,51.07151],[-113.98514,51.07151],[-113.98484,51.07155],[-113.98458,51.07157],[-113.98441,51.07157],[-113.98429,51.07157],[-113.98401,51.07157],[-113.98333,51.07157],[-113.98242,51.07157],[-113.98237,51.07158],[-113.98231,51.07159],[-113.98226,51.07159],[-113.98222,51.07161],[-113.9822,51.07162],[-113.98218,51.07164],[-113.9821,51.07161],[-113.98208,51.07157],[-113.98207,51.07139],[-113.98215,51.07132]]}},{"type":"Feature","properties":{"status":"closed","calgary_temporal_status":"CURRENT","start_date":"2026-09-28","end_date":"2026-10-30","detour_note":"EAU CLAIRE - PRINCE'S ISLAND EAST NATURAL AREA \u2014 Pond draining for hose retrieval. Adjustments may be made to closure area as necessary."},"geometry":{"type":"MultiLineString","coordinates":[[[-114.0651,51.05423],[-114.06508,51.05427],[-114.06508,51.05429],[-114.06509,51.05433],[-114.0651,51.05438],[-114.06514,51.05443],[-114.06521,51.05451],[-114.06529,51.05462],[-114.06533,51.05466],[-114.06541,51.05474],[-114.06542,51.05475],[-114.06552,51.05484],[-114.0656,51.05493],[-114.06569,51.05501],[-114.06577,51.05509],[-114.06584,51.05517],[-114.06589,51.05523],[-114.06593,51.05529],[-114.06595,51.05532],[-114.06596,51.05534],[-114.06598,51.05537],[-114.06601,51.05538],[-114.06605,51.05539],[-114.06608,51.0554],[-114.0662,51.05541],[-114.06629,51.05542],[-114.06645,51.05541],[-114.06647,51.05541],[-114.06653,51.05537],[-114.06658,51.05534],[-114.06662,51.05533],[-114.06669,51.0553],[-114.06672,51.05528]],[[-114.06714,51.05461],[-114.06706,51.05458],[-114.06695,51.05455],[-114.06681,51.05451],[-114.06656,51.05444],[-114.06645,51.05441],[-114.06634,51.05437],[-114.06615,51.05432],[-114.06606,51.05429],[-114.06598,51.05425],[-114.06574,51.05414],[-114.06567,51.05411],[-114.06559,51.05408],[-114.06552,51.05407],[-114.06547,51.05407],[-114.06541,51.05408],[-114.06536,51.05409],[-114.0653,51.05412],[-114.06522,51.05414]],[[-114.06714,51.05461],[-114.06727,51.05464],[-114.06727,51.05464],[-114.0674,51.05464]],[[-114.06718,51.05476],[-114.06724,51.05474],[-114.06729,51.05472],[-114.0674,51.05466]],[[-114.06718,51.05476],[-114.06717,51.05472],[-114.06716,51.05469],[-114.06715,51.05465],[-114.06714,51.05461]],[[-114.06689,51.05498],[-114.06689,51.05497],[-114.06692,51.05494],[-114.06699,51.05489],[-114.067,51.05488],[-114.0671,51.05481],[-114.06718,51.05476]],[[-114.06689,51.05498],[-114.06678,51.05496],[-114.06669,51.05493],[-114.06661,51.05491],[-114.06658,51.0549]],[[-114.06672,51.05528],[-114.06676,51.05526],[-114.06679,51.05523],[-114.06682,51.0552],[-114.06685,51.05516],[-114.06686,51.05513],[-114.06687,51.0551],[-114.06687,51.05504],[-114.06687,51.05501],[-114.06687,51.055],[-114.06689,51.05498]],[[-114.06709,51.0555],[-114.06707,51.05548],[-114.06705,51.05545],[-114.06704,51.05542],[-114.06701,51.0554],[-114.06699,51.05539],[-114.06698,51.05538],[-114.06691,51.05535],[-114.06684,51.05533],[-114.06677,51.05531],[-114.06675,51.0553],[-114.06672,51.05528]]]}},{"type":"Feature","properties":{"status":"closed","calgary_temporal_status":"CURRENT","start_date":"2026-11-02","end_date":"2026-11-29","detour_note":"WEST HILLHURST - BROADVIEW RD NW"},"geometry":{"type":"LineString","coordinates":[[-114.11486,51.04987],[-114.11479,51.04986],[-114.11464,51.04985],[-114.11461,51.04985]]}},{"type":"Feature","properties":{"status":"detour","calgary_temporal_status":"FUTURE","start_date":"2026-11-02","end_date":"2026-11-29","detour_note":"WEST HILLHURST - BROADVIEW RD NW"},"geometry":{"type":"LineString","coordinates":[[-114.11461,51.04985],[-114.11451,51.04984],[-114.11444,51.04984],[-114.11426,51.04984],[-114.11417,51.04983],[-114.11407,51.04982],[-114.11397,51.04981],[-114.11378,51.04978],[-114.11365,51.04975],[-114.11347,51.04971],[-114.1133,51.04968],[-114.11315,51.04965],[-114.11309,51.04964],[-114.113,51.04963],[-114.11299,51.04971],[-114.11299,51.04971],[-114.11299,51.04972],[-114.11296,51.04974],[-114.11294,51.04976],[-114.11294,51.05013],[-114.11294,51.05019],[-114.11294,51.05024],[-114.11345,51.05024],[-114.11461,51.05024],[-114.11519,51.05024],[-114.11528,51.05024],[-114.11547,51.05024],[-114.11593,51.05024],[-114.11651,51.05024],[-114.1168,51.05024],[-114.11679,51.05023],[-114.11679,51.05023],[-114.11678,51.05022],[-114.11675,51.05019],[-114.11671,51.05016],[-114.11671,51.05016],[-114.11667,51.05015],[-114.11667,51.05014],[-114.11664,51.05014],[-114.11659,51.05012],[-114.11656,51.05012],[-114.11652,51.05011],[-114.11648,51.05011],[-114.11646,51.05011],[-114.11643,51.05011],[-114.11636,51.05012],[-114.11629,51.05012],[-114.11628,51.05012],[-114.11617,51.05011],[-114.11612,51.0501],[-114.11607,51.0501],[-114.11601,51.05009],[-114.11597,51.05009],[-114.11589,51.05008],[-114.11579,51.05006],[-114.11574,51.05005],[-114.11572,51.05005],[-114.11564,51.05004],[-114.11555,51.05002],[-114.1155,51.05001],[-114.11543,51.04999],[-114.11543,51.04999],[-114.1153,51.04995],[-114.11527,51.04994],[-114.11524,51.04993],[-114.11515,51.04992],[-114.11513,51.04992],[-114.11496,51.04989],[-114.11496,51.04989],[-114.11489,51.04987],[-114.11487,51.04987],[-114.11486,51.04987]]}},{"type":"Feature","properties":{"status":"closed","calgary_temporal_status":"FUTURE","start_date":"2026-11-02","end_date":"2026-11-29","detour_note":"PARKDALE BV NW - 27 TO 28 ST NW \u2014 Utility work related to feedermain construction. Please use provided road lane detour."},"geometry":{"type":"MultiLineString","coordinates":[[[-114.12554,51.05386],[-114.12571,51.05391],[-114.12607,51.05402],[-114.12618,51.05405],[-114.12627,51.05408],[-114.1263,51.05409],[-114.12651,51.05417],[-114.12653,51.05418],[-114.12671,51.05424],[-114.12688,51.05431],[-114.12698,51.05434],[-114.12698,51.05434],[-114.12699,51.05435],[-114.12705,51.05437],[-114.12712,51.0544],[-114.12713,51.0544],[-114.12728,51.05445],[-114.1274,51.05449],[-114.12747,51.0545],[-114.1275,51.05451],[-114.1277,51.05457],[-114.12822,51.05471],[-114.12826,51.05472],[-114.1283,51.05473],[-114.12879,51.05487]],[[-114.12899,51.05498],[-114.12897,51.05498],[-114.12887,51.05497],[-114.12877,51.05496],[-114.12877,51.05496],[-114.12877,51.05496],[-114.12867,51.05495],[-114.12857,51.05493],[-114.12847,51.05491],[-114.12837,51.05489],[-114.12826,51.05487],[-114.12821,51.05486],[-114.12821,51.05486],[-114.12821,51.05486],[-114.12808,51.05483],[-114.12807,51.05483],[-114.128,51.05481],[-114.12771,51.05474],[-114.12758,51.0547],[-114.12746,51.05466],[-114.1274,51.05464],[-114.12734,51.05462],[-114.12722,51.05458],[-114.1272,51.05458],[-114.1271,51.05453],[-114.12708,51.05453],[-114.12699,51.05448],[-114.12695,51.05446],[-114.12691,51.05445],[-114.12688,51.05443],[-114.12687,51.05442],[-114.1268,51.05439],[-114.12679,51.05439],[-114.12678,51.05438],[-114.12671,51.05435],[-114.12667,51.05433],[-114.12656,51.05428],[-114.12644,51.05424],[-114.12635,51.05421],[-114.12633,51.0542],[-114.12623,51.05416],[-114.1262,51.05416],[-114.12614,51.05414],[-114.12612,51.05413],[-114.12601,51.0541],[-114.12601,51.0541],[-114.12592,51.05407],[-114.12582,51.05404],[-114.12581,51.05404],[-114.1257,51.05401],[-114.12559,51.05397],[-114.1255,51.05395]]]}},{"type":"Feature","properties":{"status":"detour","calgary_temporal_status":"FUTURE","start_date":"2026-11-02","end_date":"2026-11-29","detour_note":"PARKDALE BV NW - 27 TO 28 ST NW"},"geometry":{"type":"MultiLineString","coordinates":[[[-114.12879,51.05487],[-114.129,51.05498]],[[-114.129,51.05498],[-114.12898,51.05498],[-114.12898,51.05497]],[[-114.129,51.05498],[-114.12901,51.05499],[-114.12904,51.055],[-114.12905,51.05501],[-114.12911,51.05504],[-114.12914,51.05506],[-114.12917,51.05508],[-114.12919,51.05509],[-114.12921,51.05511],[-114.12922,51.05512],[-114.12924,51.05514],[-114.12925,51.05514],[-114.12928,51.05515],[-114.12929,51.05516],[-114.12932,51.05517],[-114.12936,51.05519],[-114.12939,51.0552],[-114.12939,51.05521],[-114.12945,51.05522],[-114.12945,51.05524],[-114.12945,51.05524],[-114.12945,51.05525],[-114.12936,51.05522],[-114.12926,51.05519],[-114.12916,51.05516],[-114.12894,51.0551],[-114.12885,51.05508],[-114.1287,51.05505],[-114.12845,51.05498],[-114.1281,51.05489],[-114.12777,51.0548],[-114.12734,51.05468],[-114.12709,51.05461],[-114.12688,51.05454],[-114.12651,51.05443],[-114.12586,51.05422],[-114.12561,51.05414],[-114.12547,51.05408],[-114.1254,51.05406],[-114.12541,51.05406],[-114.12541,51.05405],[-114.12545,51.054],[-114.12547,51.05397],[-114.12548,51.05394],[-114.12551,51.05389],[-114.12553,51.05386]]]}},{"type":"Feature","properties":{"status":"closed","calgary_temporal_status":"CURRENT","start_date":"2026-10-01","end_date":"2026-10-07","detour_note":"HARVEST CREEK LI NE TO HARVEST CREEK CL NE \u2014 Closed for pathway lifecycle rehabilitation. Pedestrians detour via the sidewalk, and cyclists detour via the roadway."},"geometry":{"type":"LineString","coordinates":[[-114.04705,51.14514],[-114.04701,51.14511],[-114.04698,51.14509],[-114.04693,51.14507],[-114.04689,51.14504],[-114.04687,51.14503],[-114.04682,51.14502],[-114.0467,51.14497],[-114.04661,51.14495],[-114.04656,51.14493],[-114.04651,51.14491],[-114.04646,51.14489],[-114.0464,51.14486],[-114.04636,51.14484],[-114.04634,51.14482],[-114.0463,51.14479],[-114.04628,51.14477],[-114.04625,51.14473],[-114.04624,51.14471],[-114.04623,51.1447],[-114.04623,51.14466],[-114.04623,51.14462],[-114.04623,51.14461],[-114.04622,51.1446],[-114.04621,51.14459],[-114.0462,51.14458],[-114.04617,51.14457],[-114.0461,51.14455]]}},{"type":"Feature","properties":{"status":"detour","calgary_temporal_status":"CURRENT","start_date":"2026-10-01","end_date":"2026-10-07","detour_note":"HARVEST CREEK LI NE TO HARVEST CREEK CL NE"},"geometry":{"type":"LineString","coordinates":[[-114.0461,51.14455],[-114.04598,51.14448],[-114.04605,51.14443],[-114.04626,51.14428],[-114.04636,51.14421],[-114.04651,51.1443],[-114.04654,51.1443],[-114.04658,51.14431],[-114.04661,51.14432],[-114.04702,51.14454],[-114.04735,51.14471],[-114.0474,51.14473],[-114.04743,51.14475],[-114.04745,51.14477],[-114.04745,51.14479],[-114.04745,51.14482],[-114.04744,51.14484],[-114.04743,51.14485],[-114.04755,51.14492],[-114.04748,51.14497],[-114.04731,51.1451],[-114.04729,51.14512],[-114.04719,51.14518],[-114.04714,51.14521],[-114.04705,51.14514]]}},{"type":"Feature","properties":{"status":"closed","calgary_temporal_status":"FUTURE","start_date":"2026-10-13","end_date":"2026-10-17","detour_note":"DOUGLASDALE/GLEN - 24 ST & QUARRY PARK BV SE \u2014 Bus rapid transit utility work. Please use provided detour,"},"geometry":{"type":"LineString","coordinates":[[-114.00192,50.96179],[-114.00192,50.96192],[-114.00192,50.96198],[-114.00192,50.962]]}},{"type":"Feature","properties":{"status":"detour","calgary_temporal_status":"FUTURE","start_date":"2026-10-13","end_date":"2026-10-17","detour_note":"DOUGLASDALE/GLEN - 24 ST & QUARRY PARK BV SE"},"geometry":{"type":"LineString","coordinates":[[-114.00192,50.962],[-114.00192,50.96212],[-114.00194,50.96212],[-114.00488,50.96212],[-114.00493,50.96212],[-114.00497,50.96211],[-114.00511,50.96209],[-114.00513,50.96209],[-114.00515,50.96209],[-114.00518,50.96209],[-114.0052,50.96209],[-114.00524,50.96211],[-114.00528,50.96211],[-114.00533,50.96212],[-114.00538,50.96212],[-114.00562,50.96212],[-114.00572,50.96212],[-114.00577,50.96212],[-114.0058,50.96212],[-114.00585,50.96212],[-114.00674,50.96212],[-114.00677,50.96212],[-114.0068,50.96212],[-114.00682,50.96211],[-114.00688,50.9621],[-114.00689,50.96209],[-114.0069,50.96209],[-114.00691,50.96209],[-114.00692,50.96209],[-114.00694,50.96209],[-114.00705,50.96209],[-114.00707,50.96209],[-114.00709,50.96209],[-114.00709,50.96201],[-114.00709,50.96144],[-114.0071,50.96129],[-114.0071,50.96114],[-114.00604,50.96114],[-114.00604,50.96107],[-114.00458,50.96106],[-114.00365,50.96107],[-114.00364,50.96087],[-114.00365,50.9607],[-114.00363,50.96068],[-114.00363,50.96066],[-114.00361,50.96065],[-114.00358,50.96065],[-114.00349,50.96065],[-114.00349,50.96065],[-114.00331,50.96065],[-114.0033,50.96065],[-114.00309,50.96065],[-114.00305,50.96065],[-114.00297,50.96065],[-114.00293,50.96064],[-114.00292,50.96063],[-114.00291,50.96063],[-114.00286,50.96063],[-114.00286,50.96063],[-114.00269,50.96063],[-114.00267,50.96063],[-114.00253,50.96063],[-114.00251,50.96063],[-114.00244,50.96063],[-114.00226,50.96063],[-114.00226,50.96063],[-114.00212,50.96063],[-114.00205,50.96063],[-114.00191,50.96063],[-114.00191,50.96063],[-114.00191,50.96063],[-114.00191,50.96063],[-114.00191,50.96064],[-114.00191,50.96072],[-114.00191,50.96078],[-114.00191,50.96082],[-114.00191,50.96082],[-114.00191,50.9609],[-114.00191,50.96099],[-114.00191,50.96107],[-114.00192,50.9611],[-114.00192,50.96119],[-114.00192,50.96124],[-114.00192,50.96125],[-114.00192,50.96126],[-114.00192,50.96128],[-114.00192,50.96131],[-114.00192,50.96132],[-114.00192,50.96138],[-114.00192,50.9616],[-114.00192,50.96161],[-114.00192,50.96161],[-114.00192,50.96161],[-114.00192,50.96179]]}},{"type":"Feature","properties":{"status":"closed","calgary_temporal_status":"CURRENT","start_date":"2026-04-06","end_date":"2026-10-15","detour_note":"BOW RIVER PATHWAY - LRT BRIDGE TO 9 ST NW \u2014 Closed for Sunnyside Flood Barrier construction. Pedestrians cross via 10 St., and wheeling users cross via 14 St. Bridge or the Peace Bridge."},"geometry":{"type":"MultiLineString","coordinates":[[[-114.08463,51.05205],[-114.08456,51.05207],[-114.08453,51.05208],[-114.08435,51.05212]],[[-114.08425,51.05208],[-114.08425,51.0521]],[[-114.08425,51.0521],[-114.08426,51.0521],[-114.08438,51.05208],[-114.0844,51.05208],[-114.08444,51.05206],[-114.08456,51.05202],[-114.08458,51.05201]],[[-114.08425,51.0521],[-114.08427,51.05214]],[[-114.08435,51.05212],[-114.08434,51.05213],[-114.08427,51.05215],[-114.08419,51.05217]],[[-114.08427,51.05214],[-114.08435,51.05212]],[[-114.08419,51.05217],[-114.08427,51.05214]],[[-114.08419,51.05217],[-114.08415,51.0522],[-114.0841,51.05223]],[[-114.0833,51.05243],[-114.08337,51.0524],[-114.08361,51.05228],[-114.08373,51.05223],[-114.08379,51.05222],[-114.08384,51.05221],[-114.08386,51.0522],[-114.08389,51.0522],[-114.08395,51.0522],[-114.08395,51.0522],[-114.08402,51.05219],[-114.08409,51.05217],[-114.08414,51.05214],[-114.08417,51.05212],[-114.08422,51.05211],[-114.08425,51.0521]],[[-114.08127,51.05344],[-114.0813,51.05343],[-114.0815,51.05332],[-114.08152,51.0533],[-114.08183,51.05312],[-114.08222,51.05289],[-114.08223,51.05288],[-114.08226,51.05286],[-114.08236,51.05281],[-114.0825,51.05275],[-114.08264,51.05268],[-114.08305,51.05254],[-114.08322,51.05247],[-114.08326,51.05245],[-114.0833,51.05243],[-114.08355,51.05237],[-114.08392,51.05228]],[[-114.08127,51.05344],[-114.08104,51.05357],[-114.08077,51.05372]],[[-114.08111,51.05357],[-114.08125,51.05349],[-114.08127,51.05344]]]}},{"type":"Feature","properties":{"status":"closed","calgary_temporal_status":"FUTURE","start_date":"2026-10-09","end_date":"2026-12-31","detour_note":"BOW RIVER PATHWAY - SHAGANAPPI PUMP STATION PH. 3 \u2014 Closed for Bearspaw South Feeder Main Improvements project. Please follow signage on site to follow new detour alignments."},"geometry":{"type":"MultiLineString","coordinates":[[[-114.15122,51.06316],[-114.1512,51.06317],[-114.15108,51.06322],[-114.151,51.06327],[-114.15091,51.06334],[-114.15076,51.06345],[-114.15062,51.06357],[-114.15056,51.06361],[-114.15051,51.06363],[-114.15046,51.06364]],[[-114.15318,51.06475],[-114.15307,51.06477],[-114.15305,51.06478],[-114.15303,51.06479],[-114.15295,51.06481],[-114.1529,51.06478],[-114.15283,51.06474],[-114.15282,51.06473],[-114.15277,51.0647],[-114.15271,51.06466],[-114.15266,51.06462],[-114.15262,51.06459],[-114.15258,51.06455],[-114.15255,51.06451],[-114.15252,51.06448],[-114.15248,51.06444],[-114.15243,51.06439],[-114.1524,51.06436],[-114.15237,51.06433],[-114.15234,51.0643],[-114.15226,51.06421],[-114.15219,51.06414],[-114.15214,51.06409],[-114.15209,51.06404],[-114.15204,51.06398],[-114.15198,51.06393],[-114.15193,51.06387],[-114.15187,51.06382],[-114.15182,51.06376],[-114.15176,51.06371],[-114.15171,51.06365],[-114.15166,51.0636],[-114.1516,51.06354],[-114.15154,51.06348],[-114.15149,51.06342],[-114.15143,51.06336],[-114.15122,51.06316]],[[-114.15154,51.06297],[-114.15134,51.06309],[-114.15122,51.06316]],[[-114.1491,51.06313],[-114.14912,51.06312],[-114.14917,51.06312],[-114.14922,51.06309],[-114.14927,51.06308],[-114.14933,51.06305],[-114.1494,51.06302],[-114.14947,51.06299],[-114.14958,51.06294],[-114.14966,51.06291],[-114.14969,51.0629],[-114.14975,51.06287],[-114.14979,51.06285],[-114.15014,51.06255],[-114.15021,51.06248],[-114.15029,51.06239],[-114.15043,51.06234]],[[-114.15122,51.06316],[-114.15118,51.06311],[-114.15114,51.06307],[-114.15108,51.06301],[-114.15103,51.06295],[-114.15097,51.06289],[-114.15091,51.06284],[-114.15085,51.06278],[-114.15079,51.06272],[-114.15073,51.06266],[-114.15067,51.06259],[-114.15061,51.06253],[-114.15055,51.06247],[-114.15049,51.0624],[-114.15043,51.06234]],[[-114.15079,51.06222],[-114.15043,51.06234]],[[-114.15043,51.06234],[-114.15033,51.06222],[-114.1502,51.06209],[-114.15013,51.06202],[-114.15008,51.06197],[-114.15001,51.06191],[-114.14993,51.06185],[-114.14989,51.06181],[-114.1498,51.06185],[-114.14972,51.06188],[-114.14956,51.06194],[-114.14956,51.06234],[-114.14954,51.06237],[-114.1493,51.06261],[-114.14936,51.06267],[-114.14947,51.06275],[-114.14962,51.06285],[-114.14969,51.0629]]]}},{"type":"Feature","properties":{"status":"detour","calgary_temporal_status":"FUTURE","start_date":"2026-10-09","end_date":"2026-12-31","detour_note":"BOW RIVER PATHWAY - SHAGANAPPI PUMP STATION PH. 3"},"geometry":{"type":"MultiLineString","coordinates":[[[-114.1491,51.06313],[-114.14907,51.06313],[-114.1491,51.06324],[-114.14934,51.06335],[-114.14951,51.06339],[-114.14961,51.06342],[-114.14976,51.0635],[-114.14998,51.06359],[-114.15016,51.06366],[-114.15022,51.06367],[-114.15028,51.06367],[-114.15046,51.06364],[-114.15095,51.06389],[-114.15148,51.06413],[-114.15215,51.06442],[-114.15225,51.06445],[-114.15237,51.06433],[-114.15272,51.06422],[-114.15289,51.06417]],[[-114.15289,51.06417],[-114.15285,51.06409],[-114.1528,51.06401],[-114.15278,51.06397],[-114.15275,51.06394],[-114.15274,51.06391],[-114.15269,51.06387],[-114.15261,51.06381],[-114.15252,51.06373],[-114.1525,51.06371],[-114.15242,51.06366],[-114.15232,51.06358],[-114.15221,51.06349],[-114.15215,51.06345],[-114.15207,51.06339],[-114.15206,51.06339],[-114.15203,51.06336],[-114.152,51.06335],[-114.15192,51.06329],[-114.15188,51.06326],[-114.15179,51.06318],[-114.15162,51.06303],[-114.15154,51.06297],[-114.15148,51.06292],[-114.15136,51.06283],[-114.15129,51.06276],[-114.15122,51.06271],[-114.15116,51.06265],[-114.15111,51.0626],[-114.15107,51.06255],[-114.151,51.06249],[-114.15095,51.06243],[-114.1509,51.06236],[-114.15082,51.06226],[-114.15079,51.06222],[-114.15075,51.06218],[-114.15058,51.06198],[-114.1505,51.06187],[-114.15041,51.06177],[-114.15028,51.06164],[-114.14989,51.06181]],[[-114.15318,51.06475],[-114.15311,51.06467],[-114.15306,51.06458],[-114.15303,51.06453],[-114.153,51.06447],[-114.15298,51.0644],[-114.15294,51.0643],[-114.15291,51.06422],[-114.15289,51.06417],[-114.15289,51.06417]]]}}],"generated":"2026-10-07T12:40:56+00:00"}